company,year,text_a,pena_n,label
2833,2016,"本年度營業概要經營方針於商品、通路、投資、服務面皆持續精進,銷售能帶來長期合理收益之商品,持續擴大公司規模,為公司創造長期價值。通路:持續發展多元通路,並致力於引進具價值之契約,以提升公司價值,各通路營運計畫如下:銀行保險:於銀行通路推動傳統型期繳及投資型商品銷售,並提供保險顧問團隊輔訓服務深耕夥伴關係。直效行銷:持續增加電銷人員席次並提升產能。保險經紀人及代理人:以核心保險經紀人及代理人營運模式增加通路黏著度。業務員:提升業務員產能並持續擴大業務員組織。企業保險:完善基礎建設,轉型為單一窗口多元產品線銷售與服務模式",4,Y
2833,2016,"推廣團體年金。商品:滿足客戶多元需求,並快速反應市場、通路需求及因應經濟環境及政策開發外幣及創新商品。投資:適當配置股票及債券,於穩定息收外獲取資本利得,提高公司收益。服務:運用資訊科技持續提升自動化及E化作業流程,以提升客戶及通路服務品質並提高作業效率增加客戶便利性。本年度營業目標106年度將以多元通路推廣高收益商品,並持續優化投報率,提升公司整體收益。",4,Y
2867,2016,"﻿106年度營業計畫概要本年度經營方針追求更加穩健的經營體質,強化財務結構降低營運及財務風險,提升營運績效優化資產配置,佈局於收益率較佳之資產,提高經常性收益及投資效益在有效風險控管的前提下優化商品組合,提升商品利潤率提升業務員生產力和重視業務品質,提升業務競爭力持續推廣行動Ｅ化及數位科技服務",4,Y
2867,2016,"提升服務效率及營運效能強化風險管理機制及公司治理本年度營業目標106年度營業目標參酌以往年度業務成長情形,衡量各項有關因素及預測未來業務發展趨勢,審慎擬定業務目標為總保費收入新台幣1,584億元。重要之產銷政策本公司將持續多年來穩健經營的策略,深耕業務員通路,強化生產力和業務品質,在既有的基礎上追求穩健成長。",4,Y
5831,2016,"﻿106年營業計畫概要：業務推動方面在業務經營策略上,特別引進國際知名管理顧問BCG公司擔任顧問,進行「業務員團隊轉型計畫」,建立標準數位化業務經營流程,從業務員生產力及團隊規模與結構等方面持續優化,以有效提升產能,強化組織結構；105年度三階組織體質優化成果顯著,業務員3萬舉績占率為6%,較104年成長3%,人均換算保費亦提高至1萬,成長率高達7%；此外,透過基層業務主管制度等辦法的修訂,促使公司業務主管年輕化,希望藉由更健全的業務制度及更完善的配套辦法,激發業務員產能及區經理之增員職責。本公司今年將持續強化組織的質與量,進而為公司創造長遠價值。人才培育方面為擴大培育青年主管,持續辦理漾青年主管培育計畫,106年預計招募六期共300位漾青年主管,培育具創新能力的優質年輕業務及領導人才,加速人才的世代交替。同時,對於業務人員提供完善的培訓輔導,透過完整的制度及環環相扣的訓練計畫,針對準新人選才更為精準,並藉由完整的選、用、育、留增員架構,全面提高增員動能及業務員定著率,藉以提升正式組長數；並積極發展「區、組」質量,加強對年輕世代的培育。在新的年度,本公司持續以創新思維,給予各階同仁發揮舞台,提高對年輕世代招募的吸引力。商品策略方面本公司105年秉持「光無所不在,心與你同在」的品牌精神,持續關心社會發展,以客戶需求及市場趨勢為優先規劃考量,致力設計更多適合國人的保險商品,並以建構完整的人身保障為行銷主訴求,受到消費者的青睞與肯定。年度商品策略鎖定在「回歸保險本質」,持續推廣保障型、還本型、健康型等長年期或終身的高價值之商品,來穩定堆疊死差益及費差益,為公司創造中長期效益；短期策略",2,Y
5831,2016,"則是依市場現況,推動女性、樂退商品及台、外幣利變型保險銷售等,期能達成整體新契約保費收入目標,提升新契約價值；另一方面,積極配合政策推動實物給付保單、微型保險及活化保單政策,不斷精進商品,更貼近弱勢族群及高齡化社會的需求,以發揮保障家庭、安定社會之精神與功能。投資策略方面觀察106年1月OECD領先指標顯示,預期106年全球經濟成長增速。其中美國啟動升息後,在新政府的財政政策挹注下經濟表現有望更佳,惟川普的反全球化及貿易保護主義恐對全球經濟造成負面影響。預期聯準會仍將持續升息,長天期債券利率有機會進一步走高,本公司將逐步投資長天期債券,以維持長期穩定之固定收益;雖然美國貨幣政策將維持漸進升息,但預期臺灣央行仍將維持寬鬆貨幣政策不變以支持經濟復甦,106年臺灣經濟成長率約為5%~5%。由於全球經濟可望展現溫和復甦態勢,在利率溫和下,強化資金運用效率,本公司對於提升投資績效持審慎樂觀態度。不動產方面,目前正在緊鑼密鼓進行的不動產投資與自用型開發專案共有12個建案,預估總投資金額約300餘億元,地點分別位於臺北市、新北市、臺中市及嘉義市。其中106年度將有「新光承德企業大樓」、「新光新板金融大樓」及「新光嘉義中興大樓」等3棟完工使用,此係為因應未來公司及集團業務發展而興建之區域型營運總部；未來3年將有「南港軟體園區大樓」、「三重水漾傑仕堡」、「新板傑仕堡（計3棟）」、「見潭傑仕堡」以及「臺中傑仕堡」7棟開發案完工啟用,均納入飯店、醫療、熟齡出租住宅等新商機產業營運所需,並可兼供集團員工研修、住宿之用。預估完工後,除提供公司之自用需求外,並可增加新的租金收入。企業社會責任方面本公司深耕企業社會責任,落實公司治理、員工關係、客戶關懷、環境保護及社會參與等作為,並持續與利害關係人溝通,除102年到105年連續4年獲得臺灣TOP50企業永續報告獎之金融及保險業金獎的肯定外,在105年度於經濟面、環境面及社會面分別獲得「2016TCSA臺灣企業永續獎」的創新成長獎、「企業及團體推動綠色採購及綠色消費計畫」績優單位獎及第14屆「遠見五星服務獎」的保險業第一等殊榮；未來將持續以實際行動發揮新光人壽「光無所不在,心與你同在」的社會影響力,創造企業永續價值。新光人壽將持續秉持「回歸保障、服務保戶、穩定獲利、永續發展」的精神,並以創新思維及勤奮不懈的努力,不斷提昇各項競爭力,期能締造更加亮眼的營運成績。謹此對於股東、保戶及全體員工長久以來的支持,致上最誠摯的謝意",2,Y
5865,2016,"﻿本年度營業計畫概要本年度經營方針發揮人壽產業特性,提高社會影響力,善盡社會責任並落實永續經營。因應市場動態調整商品策略,維持商品全方位發展,並滿足高齡/少子/單身等族群之全生涯多元需求",1,Y
5865,2016,"並持續開拓利基商品及提供完整客戶服務。運用保險科技提升經營效率及業務行銷力、創造競爭優勢。結合運動活力各項議題,協助發展增員及擴大業務行銷力與品牌知名度。本年度營業目標新契約保費收入：2,01億元總保費收入：5,40億元",1,Y
5873,2016,"﻿本年度營業計畫概要經營策略茲將本公司中長期戰略方向列示如下：增加「死差益」：透過跨部門協作,加大力度推動保障型商品（包括健康險、醫療險、長照險、一年期A&H、死亡險）的銷售。最佳「費用效益」：持續強化費用管理。運用科技、改善流程,致力於營運效率的提升。並透過銷售有利潤的新契約,擴大經濟規模,形成費用效益。降低「利差損」：於資產面（投資面）,穩健配置核心資產,積極管理衛星資產。積極提升恆常性收益,以強化業主權益。於負債面（業務面）,以保障型商品為主軸,逐步推動投資型商品銷售,同時加大力度推動美元保單。銀行通路著重推動躉繳商品。透過資產面和負債面的行動,達到資產負債管理（ALM）。而,本公司今年度之營運策略為「強化財務結果」、「建置保險科技」、「卓越營運」、及「以人為本,幸福企業」。預期銷售數量及其依據在目前低利率時代、人口結構老化、政策/法令變動、及數位金融創新的機會及挑戰下,本公司今年度仍將維持多元通路之策略,亦將開始發展電子商務。於產品方面,將著重在美元及保障型商品的銷售,同時",0,N
5873,2016,"一年期險亦為重點發展商品。重要之產銷政策本公司多年來積極推展保險及退休規劃市場,引進創新及多元化之保險商品,以期提供所有保戶全方位保險及退休規劃諮詢服務,並以「你的人生,我們責無旁貸」為使命願景,努力完成保戶的人生及退休夢想,致力成為臺灣保險業之專業典範。本公司於未來仍將持續研發創新及符合保戶需求的保險商品,以滿足保戶保障及退休規劃的需求,使每一個家庭獲得安心的保障與照顧。持續推廣「退休規劃要趁早」的觀念,推出多元化的保險及退休商品,滿足國人多元風險規劃及資產配置需求,讓退休生活沒煩惱！革新數位化行銷工具及發展保險電子商務,並藉由行銷系統之優勢,洞察客戶需求,以提升客戶體驗。多元化行銷通路,全方位提供專業保險服務。配合主管機關「保險業競爭力提升方案」,積極推廣政策性保險商品（例如保障型商品、小額終老保險、微型保險等）；因應網路時代保險需求開放網路投保與線上認證、創新電子商務保險商品及提供多元網路數位保險服務；並持續強化國際保險業務（OIU）市場之商品競爭力。",0,N
2833,2017,"﻿本年度營業計畫概要本年度經營方針持續擴大保險收益,強化各項基礎建設,具體內容如下：調整商品銷售結構以穩固未來獲利基盤：自有通路：推展長年期期繳、健康及傷害、投資型商品,提高死費差益。A.完善業務員行動化銷售工具及培養顧問式銷售能力,推動行動保使用率,增加高產能人員佔比。B.提升電銷人員核心人力佔比,提高業務品質。C.企業保險聚焦以企業戶為主之保經代/法金通路。非自有通路：於合理收益下擴增業務量。A.深化與中信銀夥伴關係,成為貢獻度最高的策略夥伴並創造雙贏；於其他非公股銀行提升傳統型期繳及投資型商品滲透率,並針對主要通路提供專屬服務；公股銀行則提高主力銀行滲透率。B.深耕與核心經代合作關係並提高行政效率。數位通路：擴大公司會員經營,並提升網路會員滲透率。建置完整客戶資料庫,並建立客戶分群及模型分析,協助業務推動。以客戶角度出發,改造客戶旅程並全面E化",3,Y
2833,2017,"提升客戶體驗及作業效率。在兼顧風險與報酬之原則下有效運用資金,增加股票部位,以核心配息部位為主,提高穩定收益來源；推動外幣商品銷售並動態調整外匯曝險部位,降低避險成本。本年度營業目標107年度將發揮內外通路優勢,使保險收益極大化,並持續增加經常性收益比重,提升公司穩定獲利基礎。本年度重要經營政策公開資訊透明,落實公司治理與遵法管理。注重業務品質,強化財務穩健,提升公司長期價值。運用數位科技,發展客戶導向之經營模式,提升客戶滿意度。",3,Y
2867,2017,"本年度營業計畫概要本年度經營方針財務面:強化資本適足及成本控管,落實費用管理以強化財務體質。商品面:優化商品組合,創造新契約價值。業務面:優化業務管理,提升服務品質。投資面:強化外匯及避險工具操作,提升資金運用與投資效益。風控面:有效控管市場風險,強化風險管理。營運面:以業務通路行動化,數位化服務為主,提升營運效率。內控面:落實內部控制並加強稽核與法令遵循作業。本年度業目標107年度營業目標參酌以往年度業務成長情形,衡量各項有關因素及預澜未來業務發展趨勢",1,Y
2867,2017,"審慎擬定業務目標為總保費收入新台幣1,5億元,重要之產銷政策本公司以「創新轉變,追求卓越」為107年度經營主題,以前思維,追求創新成長,提供最優質的商品和最完善的服務,以滿足客戶需求,達成經營目標。",1,Y
2876,2017,"﻿107年度營業計畫概要經營方針宏泰人壽致力於建立一家具健全的財務體質之優質壽險公司。透過提升經營管理效率、強化資產結構與專注於保險本質,務求所發行之保單能符合提供人身安全與家庭幸福的商品,輔以完善風險控管,以提供保戶無虞保障。重要經營策略107年度宏泰人壽將持續以加強投資收益並兼顧風險控管、強化商品體質以提供保戶最佳保障為發展主軸,輔以內部經營效率提升及成本節費,宏泰人壽以下列三大項目為未來經營策略：提升投資效益以投資收益為後盾,縮小利差缺口宏泰人壽以投資收益為後盾,避免過度依賴利差型商品,力圖縮小利差帶來的資金缺口,致力於公司更長遠的經營。在資金運用方面,以提升經常性利息收益的方式,降低投資收益波動。強化投資制度與機制建立總體經濟研究與內部信用風險評估人才,積極觀察整體市場情況,可以在風險尚未擴大前做出行動建議。降低保單成本對於未來及既有保險負債,詳實計算各通路、各商品對股東的貢獻度預測與分析。對既有保險負債之成本做經常性及一致性的揭露,提供差異分析與建議,以作為經營管理階層之決策參考。第一線客戶服務單位針對異常之保戶行為,進行通報及提出因應建議,充分掌控保戶行為對保單成本變動之影響。於新契約方面,逐一檢視商品定價,綜合考量保戶需求",0,N
2876,2017,"且兼顧股東權益價值,強化相關經濟與保險風險因子之最佳預估管理。新商品研發方向,以期繳型死差益及費差益商品為主。在策略發展上提供適合不同通路的商品,積極規劃「輕利差訴求、輕RBC」型的商品,推動差異化營銷策略。建構穩定且持續性成長的通路。積極從事保單管理。有效控管經營及業務費用,其中包含降低續期保費收取之成本。系統流程改造與提升整體系統效能。執行資訊安全評估作業與建立資訊安全管理系統(ISMS)。評估電子商務的發展。強化財務分析及風險管理機制：以資產負債管理為基礎,著重公司發展及股東權益維護,檢視資產配置情況、商品策略與未來變化及影響。多重角度分析及完整呈現公司整體之營運資料,使成為策略整合之平台基底及依據。建構專業團隊與決策者之間有效的垂直溝通,以及跨部門有效的橫向溝通。提供完善的預算管理、合理準確之成本攤銷和多維度利潤分析。以專業謹慎原則檢視既有負債準備金適足率,並評估降低既有負債成本的可能性方案,使公司在承擔合理之風險及維持最適資本水準下,達成財務目標。風控發揮積極主動之作為,強化及深化財務監控功能。識別各類風險來源,衡量和分解風險。執行公司整體性風險控管指標,如風險胃納及投資風險限額之建議及控管,並針對公司投資組合進行風險監控。適當時機引入外部顧問以強化公司治理,提升經營效率。技術面涵蓋管理指標計量、管理工具及資訊系統等等。本年度營業目標：本公司透過直營業務部隊、保經聯盟、多元業務、區域金融、電話行銷、網路投保以及再行銷通路,輔以六星級之客戶服務,預期107年度總保費收入將有更具突破性的成長。",0,N
5831,2017,"107年營業計畫概要:業務推動與人才培育107年新光人壽將持續進行「AGENT+業務員團隊轉型計畫」,固化業務活動管理流程,並優化業務員生產力及團隊規模與結構,藉由組織產能的不斷強化,為公司創造長遠價值。「AGENT+業務員團隊轉型計畫」同時提供業務人員完善的培訓輔導,透過招募流程標準化,全面提升業務員動能與定著率,並積極發展「區、組」質量,加強對年輕世代的培育。為擴大培育青年主管,新光人壽賡續辦理漾青年主管培育計畫,107年預計招募六期共480位漾青年主管,培育具創新能力的優質年輕業務及領導人才,加速人才的世代交替。在新的年度,本公司持續以創新思維,透過精準領導選才建立新世代領導梯隊,以創新招募模式舉辦大型徵才講座並建構新型態招募網站,提高對年輕世代的吸引力,並給予各階同仁發揮舞台。此外,為因應數位金融浪潮,新光人壽致力打造數位金融學習環境,驅動員工持續學習相關專業知識,107年本公司將開辦數場數位金融講座、產官學交流講座、以實績導向的FinTech工作坊,同時鼓勵同仁參加FinTech專業領域外部訓練及金融數位力知識檢定測驗,以提升從業人員之職能與競爭力,並茁壯數位金融多元發展人才庫。商品策略推廣保障型保險商品,促進保戶福祉新光人壽經營台灣保險市場長達半世紀,業務推廣策略持續鎖定在「回歸保險本質」,以行銷保障型商品為經營之策略目標,並將此列入公司經營的重要指標,提供保戶不間斷的保障照護,107年將持續配合政策,推出多元的台、外幣終身壽險,滿足民眾不同需求。聚焦策略商品,提升經營績效為因應國人理財風氣漸趨國際化,新光人壽推出不同幣別的外幣保險商品以貼近國人的保險需求,亦可堆疊外幣保費收入,透過布局資金收益率較佳之外幣資產,藉以提高公司經常性收益;並將再持續開發外幣利率變動型保險商品,透過宣告利率靈活反應市場利率趨勢,讓保戶不會因市場利率向上調整而終止契約,再加上終身險具存續期間較長特色,可強化公司成本效益,提升整體經營績效。新光人壽持續關注高齡議題,隨著人口老化速度加快以及年金改革持續熱議,老年的經濟安全、醫療與照護成本提高等問題備受矚目,不只是準退休族,所有族群都將受到衝擊,未來的退休金是否足以負擔長壽與疾病的風險花費、每月是否有穩定的現金流支撐均令人憂心。因此",1,Y
5831,2017,"新光人壽除了穩健深耕長照市場,並觀察到國人希望兼顧「有錢」及「健康」兩大退休需求,107年將持續推廣「大傘退保險計畫」,提供保戶財富自由與健康保障的大傘;此外,考量高齡投資人之風險承受度有限,將評估開發附保證給付之投資型商品,以因應高齡化社會之退休規劃需求。隨著社會變遷及生活型態愈來愈多元,新興風險也應運而生,為填補保戶風險缺口,新光人壽積極投入商品創新,未來預計開發新型態之核准制防癌險、應用金融科技之外溢保單以及進化版長照險,提供全面的保險商品及服務以滿足保戶需求。投資策略因美國景氣持續復甦,且就業市場狀況持續回溫,預期美國聯準會仍將持續升息,長天期債券利率有機會進一步走高,本公司將逐步投資長天期債券,以維持長期穩定之固定收益;雖然美國貨幣政策將維持漸進升息,但預期台灣央行仍將維持寬鬆貨幣政策不變以支持經濟復甦。預期公債利率將微幅上升惟空間有限,故仍將增加外幣計價在台發行債券投資,以提升國內投資收益。由於全球經濟可望展現溫和復甦態勢,在利率溫和下,強化資金運用效率,本公司對於提升投資績效持審慎樂觀態度。不動產方面,107年度「南港軟體園區大樓」將完工使用,作為飯店、辦公室之複合使用大樓;此外,本公司針對亞洲廣場大樓1樓將規劃「新光站前樂活未來館」,設置新形態的保險諮詢通路「保險小鋪」及新光銀行數位分行,滿足客戶金融服務的諮商與新商品的行銷。未來3年,將有8個建案陸續完工,地點分別位於台北市、新北市及台中市,預計納入飯店、醫療、熟齡出租住宅等新商機產業營運所需,並可兼供集團員工研修、住宿之用,不但滿足公司的自用需求,亦可增加新的租金收入。企業社會責任新光人壽深耕企業社會責任,每年編製企業社會責任報告書,並持續與利害關係人溝通,除了營業利益,亦追求公司治理、員工關係、客戶關懷、環境保護及社會參與之卓越,從102年至106年連續5年獲得台灣TOP50企業永續報告獎之金融及保險業金獎,106年更獲得TOP50企業永續獎之殊榮。本公司專注金融保險服務熱忱,106年獲頒「台灣保險卓越獎」包含保戶服務、公益關懷、保障型商品推展、人才培訓及資訊應用等5項大獎;另一方面我們重視企業經營對環境的影響,致力溫室氣體盤查,並落實綠色採購,參與環保局主辦「企業及團體推動綠色採購及綠色消費計畫」獲選績優單位;新光人壽不管在經濟、環境及社會面向績效皆表現亮眼,並將以「光無所不在,心與你同在」的精神,善盡企業社會責任。",1,Y
5846,2017,"﻿本年度營業計畫概要本年度經營方針法令遵循面強化國際法遵業務交流,推動法遵業務智能科技化,優化各項法遵業務（含反洗錢反資恐）之執行,以形塑遵法之組織文化,為公司治理及企業永續奠定基礎。業務發展面擴大增員基盤,提升增員質量,落實新人培育,強化主管職能。透過校園經營,擴大外圍組織,強化年輕族群經營。系統化職域開拓模式,打造專業服務團隊,深耕開拓職域客戶。整合集團資源,提供全方位金融理財服務,提高整體集團經營效率。持續深耕大陸及越南市場,以在地經營之營運策略,朝向「亞太地區最佳金融機構」邁進。商品開發面持續強化推動保障型商品,提升客戶保障。運用大數據分析客戶樣態,滿足市場多元需求,建立商品領導品牌。結合科技應用,開發創新形態商品,提供客戶全新體驗。響應高齡化金融創新政策,開發銀髮族需求商品,協助客戶享尊嚴退休生活。客戶服務面運用智慧科技與數據分析,發展智能客服,提升服務效率與人力運用效能。細緻客戶分群並客製最適關懷專案,提供精緻有感的主動關懷服務。結合集團資源進行通路服務資源管理,打造全新服務體驗,提升客戶滿意度。提供公司VIP精緻服務體驗,深入經營VIP客群家戶,支援公司業務拓展。後勤支援面教育訓練：優化AG0實務培訓,強化主管職能,導入知識萃取技術,推進系統化組織傳承。整合全方位學習資源,優化以學習者為中心之學習平台,提升學習效能。強調法令遵循及保險保障觀念,深化正確銷售服務力。人力資源發展：加速金融科技專業人才引進與合作,提升同仁跨領域輪調歷練,擴增2人才資產,引領Fintech變革。強化主管領導職能,精進領導力與策略思維,擴增海外歷練",2,Y
5846,2017,"發展高潛力人才,完備人才梯隊。靈活組織設計與管理機制,促進團隊快速聚合,成就組織目標,提升組織運營效能。客戶經營：運用資料科學,建立細緻化客戶經營模式,以關鍵連結互動,深化客戶關係,擴大經營版圖。建置並持續優化風險模型,協助差異化風險評估,提升行政作業效率。盤點保險客戶旅程地圖,打造客戶體驗管理系統,掌握服務痛點並優化客戶體驗,建立以客戶為中心之經營模式。作業流程：優化各類行銷支援及管理工具,提升數位服務力與效率。發展O2O經營模式,協助通路掌握銷售商機,提供客戶即時服務,提升客戶體驗。持續推動企業內部資訊平台,以提升作業效率及知識交流共享。統合公司活動平台,深化保戶互動內涵,加速品牌形象經營推動。本年度營業目標一○七年度業務目標為全險總保費收入合計6,502億元。重要之產銷政策本公司以「當責誠信、創新服務」作為一○七年度經營主題,不斷追求自我提升,提供更優質的商品與服務以滿足客戶需求,達成經營目標：強化客戶關係客戶分群經營,提供適性商品、行銷活動與個人化服務模式。持續運用資料科學,提供業務單位更多客戶行為與喜好,便於深化客戶關係、提高行銷效率,擴大經營版圖。打造客戶體驗管理系統,提升客戶體驗,建立以客戶為中心之經營模式。多元業務推動整合集團資源,提供不同客群多樣化加值服務,達到客戶經營精緻化。洞悉市場趨勢與需求,透過創新商品與相關服務,擴大市場競爭優勢。建立嚴謹之招攬行為規範,杜絕不當招攬,並強化偵測異常契約風險控管,防範弊端發生,確保公司及客戶權益。",2,Y
5873,2017,"﻿本年度營業計畫概要經營策略茲將本公司中長期戰略方向列示如下：增加「死差益」：透過跨部門協作,加大力度推動保障型商品（包括健康險、醫療險、長照險、一年期A&H、死亡險）的銷售。最佳「費用效益」：持續強化費用控管及追蹤。運用科技、改善流程,致力於營運效率的提升。並透過銷售有利潤的新契約,擴大經濟規模,形成費用效益。降低「利差損」：於資產面（投資面）,穩健配置核心資產,動態管理風險性資產。積極提升避險前恆常性收益,有效管理外匯波動風險；並衡量市場風險,掌握時機配置風險性資產,以增加資本利得,進而強化業主權益。於負債面（業務面）,因應未來IFRS17的實施,新契約銷售以保障型商品為主軸,並逐步推動投資型商品銷售,同時持續推動美元保單。透過資產面和負債面的行動,達到資產負債管理（ALM）。而,本公司今年度之營運策略為「強化財務結構」、「建置保險科技」、「致力卓越營運」、及「以人為本,幸福企業」。預期銷售數量及其依據在目前低利率時代、人口結構老化、政策/法令變動、及數位金融創新的機會及挑戰下,本公司今年度仍將維持多元通路之策略,亦將開始發展電子商務。於產品方面,將著重在美元及保障型商品的銷售。重要之產銷政策106年本公司推出全新CI企業識別系統,以英文字母t和G組合成衛星環繞意象",1,Y
5873,2017,"中文字體特殊的37度斜角代表人體體溫37度,象徵本公司溫暖守護保戶的責任。同時也主打品牌Slogan「因為愛責任在」,突顯本公司品牌核心精神。未來全球人壽將整合「金融」、「科技」、「服務」與「創新」四大元素,朝向「FutureBranding」邁進,運用先進的金融智慧科技,提供客戶更快速便捷、美好的價值服務,創新客戶體驗,提升本公司成為金融服務業的標竿領導品牌。積極發展保障型商品,作為內部通路的核心銷售商品類型,並著重於商品獲利及保單銷售品質,以增加公司死差益來源及提升整體新契約價值。策略性推動利率變動儲蓄型商品,並著重在美元保單,以維持公司整體業績的穩定性並茁壯經營規模。革新數位化行銷工具及發展保險電子商務,並藉由行銷系統之優勢,洞察客戶需求,以提升客戶體驗。多元化行銷通路,全方位提供專業保險服務,本公司擁有最專業的直營業務通路,在台灣保險業以菁英團隊著稱,同時也積極發展團體保險、銀行保險、保險經紀人代理人等多元化行銷通路。配合主管機關「保險業競爭力提升方案」,積極推廣政策性保險商品（例如保障型商品、小額終老保險、微型保險等）；因應網路時代保險需求開放網路投保與線上認證、創新電子商務保險商品及提供多元網路數位保險服務；並持續強化國際保險業務（OIU）市場之商品競爭力。",1,Y
2816,2016,"106年度營業計畫概要經營方針專業的服務品質、快速的服務效率、多樣化的商品開發,以提升競爭優勢,以爭取客戶與行銷通路之認同。透過資訊與流程再造以及各類專業人才的努力,加強風險管理及業務品質篩選,拓展企業險商品市場,控管損失率,降低費用成本,追求核保利潤,達到公司永續經營目標。預期銷售數量及其依據及重要之產銷政策根據國際主要機構預測",2,Y
2816,2016,"106年全球經濟成長可望優於去年,國際貨幣基金組織IMF預測今年全球經濟成長率將由去年的1%增為4%。本公司預估106年度簽單保費收入為8,852,666千元,較105年持續成長。重要之產銷政策展望民國106年,面對未來市場的競爭與挑戰,須發展多元行銷通路及結合多元商品,提升服務質量、專業技能及電子化服務平台以滿足客戶之保障及需求,運用風險管理開拓優質客戶及提升自留保費。",2,Y
2852,2016,"106年營業計劃摘要說明:經營方針:損失率及費用率控管。擴增再保管道及擴大再保能量。資訊及雲端平台的建制與改善。加強教育訓練及提昇人員專業度。商品適銷性及差異化並推出優質專案。持續運用資訊策略,以提昇管理及作業效率。依據科技大數據分析,建立客戶關係管理系統。強化專業核保、再保、損防、理賠一體之服務團隊。提昇核保、理賠及風險管理專業能力,以提升服務品質。業務體系經營,結合商品與業源,提昇產值及利基附加商品促銷。營業目標:106年預計各險業務比重:火險14%。水險32%。車險25%。其他險29%。重要產銷政策:創造多元通路之行銷體系",1,Y
2852,2016,"並針對不同通路之客群,設計適銷商品。落實以客為尊之高附加價值服務,藉以提高客戶滿意度及忠誠度。結合異業聯盟,拓展其相關業務並延伸其往來客戶之業務。提供商品客製化組合,以提升直接客戶業務量。",1,Y
2863,2016,"業務經營策略43%05%93%44元本公司秉持正向永續經營的理念,在穩健財務的基礎上,訂定106年度營業預算兩大策略性目標如下:穩健獲利經營本公司向來以追求穩健獲利為目標,106年將持續提高盈餘品質與獲利水準,強健公司經營體質,據此編列106年度稅前純益預算目標為新台幣0億元,稅後純益為新台幣0億元。積極優質成長本公司在優質成長提升獲利的目標下",0,N
2863,2016,"穩健提昇業務規模與市場地位。106年3月和泰產險成立後,將分年度影響本公司和安保代業務,故其它通路與直接業務已編定高幅成長以彌補缺口,並督促同仁推廣高價值車險商品,期能確保整體簽單保費收入仍能維持優質成長。據此編列106年度簽單保費收入預算目標為新台幣0億元,較上年度成長1%。為達上述經營目標,訂定本公司106年經營方針如下:持續改造各險各區獲利經營模式人人積極開創新業務、新方法團隊相互啟發瞭解客戶、攻展高價值商品",0,N
2877,2016,"本年度營業計畫概要本年度營業方針展望106年度,公司將在「國泰E行動開創新世紀」經營主題的引領下,加快數位化轉型計劃,透過通路銷售行動化、理賠流程改造、職能翻轉以及大數據應用建置,提升公司服務效率,為日後數位化經營奠定良好穩固的基礎。同時,公司將持續朝精細化管理發展,優化業務結構,創新商品與加強風險管理,以提升經營績效與客戶滿意度。針對公司106年度的經營重點,訂定四大經營方針如下:業務方針:營業組織朝小型化發展及建置區域理賠中心,以提升服務效率;提升外勤人員的產能與營業專員的商業險種專業職能,以提升業績產能。持續加強引進良質險種業務,並注意各項成本控管,提升本業獲利,落實質量並重政策。商品研發設計兼顧虛擬及實體通路之發展趨勢及需求,開發創新及具競爭力之商品。風險管理暨財務投資方針:維持最適RBC水準,保持良好清償能力;妥善孜排再保險合約,增加再保合約容量,以兼顧業務引進與風險分散性。加強法規遵循,落實外部評鑑機構的改善建議;持續精進風險量化技術,提升公司風險管理機制,以強化各項作業流程風險監控功能;重視商品費率合理性,避免殺價競爭行為,維持穩定核保獲利。掌握國際政經情勢,妥善規劃資產配置,提升資金運用效益及投資績效。保險服務方針:持續開發各式e化系統和APP應用功能,簡化作業流程",2,Y
2877,2016,"並透過e化處理方式(如:車險自動核賠系統、建置賠案影像化作業系統等)縮短作業時間,提供高效能服務以提升客戶滿意度。發展大數據應用技術,以利客戶資訊分析及車聯網(UBI)保險之應用,並配合「E起轉動」轉型計劃,推動車險數位化。以責任投資、永續治理、永續商品、員工照護、綠色營運及社會共榮等六大面向需求作為經營管理的目標,將永續經營觀念內化至組織各階層。國際經營方針:發展OIU財產保險及再保險業務,開拓國際市場商機,擴大市場規模,拓展金控集團經營版圖。持續拓展越南保險市場規模,強化各項經營指標,並開拓良質通路、研發在地化商品和追求利潤提升,深耕在地品牌形象。預期銷售數量及其依據考量本公司業務結構調整及成長性和續保情形,預估年度簽單保費收入211億元。重要之產銷政策透過E化流程提升金控整合行銷力道,並持續精實業務組織,加強發展外部通路,以加速營業單位產能的提升。持續加強資訊管理與數位化運用,優化各項作業流程效率,以提升競爭優勢以及服務品質,提高客戶對本公司忠誠度與滿意度。強化區域理賠中心運作,落實專業分級管理,以加速服務效率;營業單位有效精簡組織管理幅度,以提升組織營運效率。加強業務品質管控,有效控制費用支出,以及精進利潤中心制度,以強化本業獲利能力。海外子公司持續將現有分支機構深耕做大,並拓增良質通路,提升經營績效。",2,Y
5828,2016,"本年度營業計劃概要本年度營業方針:持續拓展優質商品。提升集團跨售綜效。善用多元通路優勢。深入研發金融專利。提升數位服務效率。擴大網路投保規模。運用損防專業服務。深耕經營海外市場。加速推動金融科技。預期銷售數量及其依據:受到天災事故影響,預期本年度再保成本大幅上漲,因此產險市場費率將適度調漲,加上客戶對責任風險轉嫁意識提高及新型態風險出現,因此預估公司簽單保費收入將增加至34億元。重要之產銷政策:規劃整合多元商品,滿足客戶保障需求,提升優質商品覆蓋率與滲透率。運用金控資源與集團名單優勢交叉推廣,以獲得最大效益。延伸家庭戶概念,包裝及推動綜合型商品,透過多元通路搭售,朝跨險行銷發展",2,Y
5828,2016,"深耕核心價值客戶關係。運用電子商務優勢,強化通路e化作業,優化行動服務帄台,提升品質與效率。擴大網路投保業務規模,以官網、通路合作與異業結盟方式,爭取商機。發展損害防阻模型,評估客戶風險管理能力,提高優質業務承保比例及擴大再保容量;運用損害防阻服務及再保險,分散巨災風險。",2,Y
2816,2017,"﻿107年度營業計畫概要經營方針本公司持續在公司治理、強化專業、提昇產品及服務品質上要求不斷精進與落實,並以善盡企業社會責任、追求長期穩健核保利潤,以創造更大的股東價值鞏固永續經營之根基。結合集團資源作全球化佈局,持續秉持旺旺惜緣愛才,自信做事,團結心連心,結合志同道的精神,共同創造高利潤,分享高成果,開創空前新事業,發揮公司旺旺、大家旺旺的企業文化與經營理念,為公司全體同仁努力依循的經營方針。預期銷售數量展望107年,本公司因電子商務系統的陸續建置完成,透過網路投保、新增的行銷通路以及多元化的商品,預估107年度簽單保費為100億元",2,Y
2816,2017,"較106年持續成長。重要產銷政策開發新通路及新客戶以擴大市場占有率及提升市場排名。研發以簡單、易懂、便宜、好賣之個人性保險商品,以擴大及加強直接業務及網路投保業務銷售量,並降低行銷成本。研發「人無我有」及客製化商品,保障各種不同風險,以擴大商品差異化取得競爭優勢,並定期執行各險費率檢測,以強化費率競爭力與獲利能力。持續加強核保、理賠人員專業素養,透過教育訓練課程安排、區核保經驗傳承及鼓勵相關證照之取得,以提昇員工專業技能、強化團隊專業實力。推動作業流程簡化及資訊改造,建構完整以顧客導向的資訊系統,提供便捷、以客為尊的服務網。調整業務結構,透過適當之再保安排妥善控管風險累積。持續篩選業務,落實核保政策及加強理賠控管,以增加核保利潤。",2,Y
2852,2017,"﻿107年營業計劃摘要說明：經營方針：損失率及費用率控管。擴增再保管道及擴大再保能量。資訊及雲端平台的建制與改善。加強教育訓練及提昇人員專業度。商品適銷性及差異化並推出優質專案。持續運用資訊策略,以提昇管理及作業效率。開發新保業務,爭取優質客戶及銀行通路業務。強化專業核保、再保、損防、理賠一體之服務團隊。提昇核保、理賠及風險管理專業能力,以提升服務品質。業務體系經營,結合商品與業源,提昇產值及利基附加商品促銷。營業目標：107年預計各險業務比重：火險86﹪。水險23﹪。車險57﹪。其他險34﹪。重要產銷政策：創造多元通路之行銷體系",0,N
2852,2017,"並針對不同通路之客群,設計適銷商品。落實以客為尊之高附加價值服務,藉以提高客戶滿意度及忠誠度。結合異業聯盟,拓展其相關業務並延伸其往來客戶之業務。提供商品客製化組合,以提升直接客戶業務量。",0,N
2863,2017,"業務經營策略本公司秉持正向永續經營的理念,在穩健財務的基礎上,訂定107年度營業預算兩大策略性目標如下：穩健獲利經營本公司向來以追求穩健獲利為目標,107年將持續提高盈餘品質與獲利水準,強健公司經營體質,據此編列107年度稅前純益預算目標為新台幣07億元,並採新制稅率20%核算",1,Y
2863,2017,"稅後純益目標為新台幣86億元。積極優質成長本公司在優質成長提升獲利的目標下,穩健提昇業務規模與市場地位,同時考量內外部環境變數,據此編列107年度簽單保費收入預算目標為新台幣76億元,較106年度成長4%。為達上述經營目標,訂定本公司107年經營方針如下：發揮人才潛能業績優質成長主動觸發客戶各險全保泰安力推高價值商品直客通路價量齊揚各單位緊密結合貫徹執行力與綜效加強內稽內控資安法令遵循",1,Y
2877,2017,"﻿本年度營業計畫概要本年度營業方針業務方針掌握社會發展趨勢及結合市場時事開發新商品,並研發跨險種綜合型保單,滿足消費者多元的保險需求。加強提升商業險種的業務占比,持續推動營專商業險種職能翻轉。發展保經代多元通路並提高產能,持續調整外勤組織體質與業務結構。重點發展網路投保帄台,積極開拓第三方網路保險業務,快速因應市場需求創新網路商品與服務。風險管理暨財務投資方針維持最適RBC水準,保持良好清償能力；妥善孜排再保險合約,增加再保合約容量,以兼顧業務引進與風險分散性。優化內控與法遵制度,以符合日益嚴謹的監管要求與建議；持續精進風險量化技術,提升公司風險管理機制,以強化各項作業流程風險監控功能。3掌握國際政經情勢,靈活調整投資策略,優化資產配置,提升資金運用效益及投資績效。保險服務方針強化理賠組織發展及提升理賠人員專業,持續簡化理賠流程及善用科技與網路加快理賠速度,提升客戶理賠服務滿意度並重視理賠服務評鑑結果。持續開發各式E化系統和M化工具,精簡作業流程,縮短處理時間,提供高效能服務以提升客戶體驗。配合最新技術及趨勢,積極創新開發多樣化的損害防阻服務,以擴大客戶投保價值",1,Y
2877,2017,"進而深化品牌認同。持續將環境、社會、公司治理（ESG）整併於公司營運規劃中,落實企業永續（CS）發展。國際經營方針發展OIU財產保險及再保險業務,開拓國際市場商機,擴大國際保險業務分公司規模。持續拓展越南保險市場規模,擴大在地化經營團隊與組織,維持穩定獲利。結合金控集團海外資源,持續評估海外策略投資機會,以參股/合作方式進行海外佈局,朝「亞太地區最佳金融機構」目標邁進。預期銷售數量及其依據考量本公司業務結構調整及成長性和續保情形,預估年度簽單保費收入218億元。重要之產銷政策透過E化流程提升金控整合行銷力道,並持續精實業務組織,加強發展外部通路,以加速營業單位產能的提升。精進數位化技術和強化理賠組織發展,優化各項作業流程效率,以提升競爭優勢與服務品質,提高客戶對本公司忠誠度、滿意度與整體經營效率。重點發展網路投保帄台,積極開拓第三方網路保險業務,並因應市場需求設計網路商品與服務。加強業務品質管控,有效控制費用支出,以及精進利潤中心制度,以強化本業獲利能力。持續擴大和深耕海外子公司規模,並拓增良質通路,提升經營績效。",1,Y
5828,2017,"﻿本年度營業計劃概要本年度營業方針：持續拓展優質商品。提升集團跨售綜效。善用多元通路優勢。強化數位服務應用。擴大網路投保規模。運用損防專業服務。加速推動金融科技。深耕經營海外市場。預期銷售數量及其依據：預期新車銷售持帄,而進口車及高價車可望持續高成長帶動車險增長,以及商業火險大型業務保期調整,加上新種險手機保險市場漸趨飽和,客戶對責任風險轉嫁意識提高及新型態風險出現,因此預估公司簽單保費收入將成長5%~5%。重要之產銷政策：規劃整合多元商品,滿足客戶保障需求,提升優質商品覆蓋率與滲透率。善用金控資源與集團名單優勢進行跨售,獲得最大效益。延伸家庭戶概念,包裝及推動綜合型商品",1,Y
5828,2017,"朝跨險行銷發展,深耕客戶關係。運用電子商務優勢,強化通路e化作業,優化行動服務帄台,提升品質與效率。擴大網路投保業務規模,以官網、通路合作與異業結盟方式,爭取商機。發展損害防阻模型,評估客戶風險管理能力,提高優質業務承保比例及擴大再保容量。",1,Y
2820,2016,"106年度營業計劃概要經營方針增加他免保承銷承作比重。提升自保日平均餘額。積極擴增債券備供養券部位。選擇優質個股逢低建立部位。強化次級市場客戶關係及推廣。預期營業目標與其依據衡酌國內、外經濟情勢及產業環境,預估106年度主要業務之營業目標如下:商業本票保證年平均餘額955億元。短期票券承銷及首買年平均餘額2,385億元。票、債券附買回交易年平均餘額1",0,N
2820,2016,"675億元。資本適足率5%。重要經營政策及未來發展策略請參閱本年報第61-62頁長短期業務發展計劃,不另贅述。",0,N
2872,2016,"謹擬訂106年營業計劃如下:ㄧ、加強風險控管、建立預警機制,穩健操作各項金融商品。活化資本運用,適時調整資產配置,提升資本運用效益。持續與股東銀行及同業密切聯繫與配合,以提升經營績效。維繫穩定資金來源",0,N
2872,2016,"持續開發低資金成本客戶。更新資訊系統,提升作業效率。增聘員工、增強員工專業能力,有效發揮人力資源。敬祈各位股東繼續鼎力協助與支持。",0,N
2873,2016,"106年度營業計畫概要經營方針授信業務開發優質客戶,擴大客戶基礎。調整客戶結構,汰弱留強。維持良好資產品質,保持零逾放。維持穩定、高水平的保證業務量。拉高整體平均報價,保持優於同業之利差水準。提升客戶質與量,加強管理,有效掌控風險。票券業務開發並深耕各類型投資客戶,擴大票券次級通路。避免資金來源過度集中,並注意落點分散,以降低流動性風險。有效掌控市場資訊,伺機調整拆款部位,以降低資金成本。積極研發創新,掌握票券新種商品業務。債券業務調整債券存續期間,降低利率風險。篩選優質債券,兼顧收益及養券需求。以政府債券交易為中心,加強公債買賣斷利潤。債券投資跨及外幣計價商品,提高整體收益率。股權商品投資業務股權商品操作分長短期投資策略,篩選價值型及趨勢產業股票投資。謹慎評估分析,選股兼重傳產與電子佈局。備供部位偏重價值與殖利率個股。佈局優良並具收益率及成長性之可轉債投資。慎選時點,於大盤或標的回檔之際布局,來回操作。新種商品業務積極參與各項利率衍生性商品業務。持續擴大外幣票債券業務經營範圍。公司治理落實公司治理,建立制度。強化內部自行查核及管理機制。加強風險管理,完善風險控制程序。舉辦員工教育訓練,提升專業素養。建立法令遵循文化",0,N
2873,2016,"維持有效的法令遵循制度。預期營業目標與其依據單位:新台幣佰萬元主要業務項目106年度預算數承銷暨買入各類票券595,099融資性商業本票發行金額433,068買賣各類票券997,149買賣各類債券1,186,172平均保證發行商業本票餘額36,000依據:衡酌國內外經濟情勢、產業環境及本公司105年營運狀況預估。重要經營政策與未來發展策略票券業務以開發優質客戶,擴大客戶基礎為主,另持續降低資金成本,有效控管資產品質。債券業務首重降低利率風險,兼以波段區間操作為主,搭配衍生性金融商品提升操作靈活度。並配合主管機關開放業務,研究利率與匯率相關商品業務,積極參與市場操作。股權與可轉債業務,以考量產業特性與標的公司成長性,搭配總體環境進行操作布局,波段操作。徵授信業務,即時反應資金成本,並配合政府政策調升利差。持續改善授信資產品質,汰弱留強,維持零逾放。配合主管機關建議,調整客戶結構,開創穩定客源。逐步完成所有之交易商品資訊之整合。",0,N
2874,2016,"106年度營業計畫概要106年度國內外金融環境展望106年全球經濟情勢,美國受到低庫存回補影響,將可推動GDP的成長,加上失業率預期維持較低水準,為防範資產泡沬並推升通膨,預期聯準會將會調升利率;歐元區則在政治的紛亂,相對較高的失業率,及英國脫歐的衝擊下,預期GDP成長將持續放緩;中國大陸在經濟持續轉型、過剩產能仍有待去化,故製造業下行壓力仍在,預期人民幣走勢依然徧弱。國內利率方面,中央銀行除審視美國聯準會升息時點及幅度,將更關注國內經濟金融情勢以決定貨幣政策,預期106年短期利率將呈現緩步向上格局,金融商品之利率風險亦較前一年度增加。經營方針、重要經營政策及未來發展策略加強員工專業訓練",0,N
2874,2016,"並持續培訓新進員工,以強化人力資源管理及運用效率。建立法令遵循文化並落實公司治理。依產業發展適時調整授信策略,以控管授信相關業務之信用風險。另積極開拓優質授信及FRCP客戶,並拓展聯合承銷業務,以增加票源及收益。依利率變化的趨勢,動態調整固定收益資產組合及存續期間,並掌握債券買賣斷操作機會,以提高整體操作利益。持續開拓穩定資金來源,掌握市埸資金狀況,以降低資金流動性風險並擴大利差。注意全球經濟走勢並發展投資策略,建置良好股票投資組合,並掌握波段操作機會。依業務發展適時調整分配資本並計算風險性資產報酬率,以提升資本運用效率。預期營業目標與其依據根據市場趨勢及未來營運策略,訂定106年度總業務收入目標為23億元,其中債券業務利益佔約38%、票券及保證業務利益佔約53%、股票投資及資產交換等利益佔約9%。",0,N
2894,2016,"106年度營業計劃概要經營方針推動新種金融商品業務、增加收入來源。落實風險管理,維持良好資產品質。提升經營績效,維持穩定獲利。開拓優質授信客戶,增加自保利差與獲利。健全內部管理,加強公司治理。營業目標保證商業本票平均餘額:新台幣28,600,000仟元。承銷及簽證商業本票平均餘額:新台幣60,580,000仟元。商業本票累計賣斷量:新台幣323,677",0,N
2894,2016,"576仟元。各類債券累計賣斷量:新台幣50,000,000仟元。經營政策審慎研判利率走勢,降低升息之衝擊。增加資金來源管道,尋求較低資金成本。落實授信風險控管,維持良好授信品質。加強作業管理,提升作業之效率。強化資產負債管理,提升獲利之空間。投入新種業務開發,培育專業人才。",0,N
5840,2016,"106年度營業計畫概要經營方針105年全球經濟成長腳步蹣跚,美國於去年底宣布調升利率1碼,並將啟動升息循環,美元確立強勢格局,全球資金版圖挪移,新興國家資金外流情況加速,惟歐洲、日本等各國央行多持續執行量化寬鬆政策,各國景氣表現迥異,局勢難明,國內市場銀行票券同業競爭情況仍未有減輕,106年對票券業而言,仍是充滿挑戰的一年。面對景氣不確定性之金融環境,不動產授信風險升高之影響,使票券業在商業本票保證之授信業務更具挑戰。爰此,本公司經營方針將加強各項業務之風險管理,以兼顧實質收益及維持市場領先地位為目標,其中:授信業務經濟景氣持續轉佳,授信風險管控為上。深耕客戶往來關係,提升利差創造獲利。加強產業滲透深度,開發優質授信新案。爭取參與大型聯貸,創造穩定收益來源。善用金控集團資源,強化企業法人服務。票券業務積極開發銀行NCD買入、優質他保及免保初級市場,以增加收益並維持市場地位。以長期資金需求之客戶為主要目標市場,推展一年期以上循環票券(FRCP)及聯合承銷業務。多元開發各類型票券投資客戶,深耕並擴大票券次級通路。強化票券存貨管理,保持流動性並提高收益率。積極研發創新,掌握票券新種商品業務機會。債券業務調整整體債券組合結構,降低存續年期,減少利率上揚風險。篩選短年期優質資信債券,兼顧收益及滿足客戶需求。以政府債券交易為重心,加強公債買賣斷之波段操作。運用政府債券現貨與衍生性商品間之策略交易,以增加獲利來源。謹慎控管信用曝險,落實地區分散、產業分散之持債政策。強化投資組合管理,佈局高利差優良標的,提升整體收益。維繫並積極開發附買回交易(RP)客戶,以穩定分散資金來源,降低流動性風險。股權商品投資自營業務股權商品操作區分長短期投資策略,篩選價值型及趨勢產業股票操作。透過營業通路爭取並篩選優質CB/IPO/SPO認購標的。佈局資信優良、產業前景佳且具收益率及成長性之可轉債。加入流程電子化,減少紙本簽核流程,加快投資決策效率。加大海外台股陸股ETF操作力度,透過佈局海外,參與全球權益市場之獲利契機。新種商品業務持續積極擴大外幣債、票券業務經營範圍,滿足客戶理財需求。以客戶需求為導向",0,N
5840,2016,"整合各種商品服務,與金控旗下關係企業及金融同業策略聯盟,以提供企業法人全方位服務方案,擴大金融版圖。持續參與各項利率衍生性新種商品業務之經營,模擬各種套利交易模組,以提升操作技能。積極導入金融科技(FINTECH)應用,評估規劃建置電子平台,以面向更多樣化投資人提供服務,增加收入來源。預期營業目標與其依據單位:新台幣仟元主要業務項目106年度預計數商業本票之保證758,000,000商業本票之簽證1,312,000,000初級市場承銷融資性商業本票1,312,000,000承銷資產基礎商業本票-買入交易票據250,000承作銀行承兌匯票250,000買入可轉讓銀行定期存單165,600,000買入國庫券10,000次級市場票券買賣交易量4,400,000,000債券買賣交易量3,319,274,000資料來源:本公司106年度營業預算書。重要經營政策加強授信動態管理,及時控管、預警授信戶信用貶落發生。善用授信資源,積極增加授信餘額並提高利差。加強各產業開發廣度及深度,以積極爭取收益及擔保性俱佳之授信新案。致力拓展次級客戶之深度及廣度、分散票債券業務資金來源,審慎管理流動性風險。掌握票券賣斷商機,採行流量操作,提升承銷票券能量,增強交易商角色。調整整體債券組合結構,降低存續年期,減少利率上揚風險。佈局資信優良、具收益率及成長性之可轉債。透過金控股權平台,篩選價值型、具題材股票。核心業務平衡發展,加強分散投資,增加穩定性收益。持續推廣新種業務經營,增加穩定營收來源。",0,N
5842,2016,"106年度營業計畫概要經營方針強化組織管理以提升營運績效,持續維持市場領導地位。落實績效評核,強化人力資源之運用效率。落實內部控制,強化公司治理。強化風險管理,維持良好財務及資產品質。預期營業目標與其依據單位:新臺幣佰萬元項目106年度預算數承銷暨買入各類票券融資性商業本票發行金額買賣各類票券買賣各類債券票債券附買回交易餘額平均保證發行商業本票餘額2,207,6301,944,6817,398,5964,500,460208,129152,000依據:衡量目前之競爭地位及市場環境並依據金控母公司賦予之目標訂定。重要經營政策穩資金、降成本:加強開拓授信客戶承作外幣債券次級交易,擴展國內金融機構外幣資金,佈建穩定資金來源,彈性辦理拆款、換匯或附買回交易,在兼顧資金調度風險前提下,降低資金成本,提升養券利益。勤發票、擴利差:關注央行貨幣政策、掌握金融情勢,適時調控初、次級交易利率",0,N
5842,2016,"妥善管理票券部位進出,以擴大票券發行及買賣利差,保持市場領先地位。慎保證、強體質:持續關注客戶營運及財務動態,掌握行業前景與資金調度能力,作為授信決策依據。拓券源、利養券:主動爭取主辦聯貸案及免保商業本票聯合承銷案,及積極爭取銀行可轉讓存單、他保及免保票券買入、承銷業務,以擴增券源及養券收益;審慎佈局外幣債券業務,分散國家風險並增加外幣公司債券比重,維持整體部位養券利差,降低美國升息衝擊。頻交易、固市場:鞏固票債券業務之市場領先地位。調庫存、控風險:適度控管台、外幣債券之風險年限,俾兼顧風險趨避及提升收益目標;合理配置資本,維持資金運用效能,強化風險管理制度及系統。引科技、增效率:利用資料庫分析技術,整合外部資料來源,發掘潛在商機,協助業務單位開發客戶;持續強化資訊系統及內部作業效能,建置報表管理、會計標準化作業平台,提升徵信、授信、審查及後台作業效率。迎創新、展未來:積極規劃新種業務,擴大業務範圍;研發大數據資料庫應用專案;持續推行綠色環保無紙化會議系統及無紙化核心報表管理系統,節省地球資源消耗,實踐企業社會責任。",0,N
2820,2017,"﻿107年度營業計劃概要經營方針增加他免保承銷承作比重。提升自保日平均餘額。積極擴增債券備供養券部位。選擇優質個股逢低建立部位。強化次級市場客戶關係及推廣。預期營業目標與其依據衡酌國內、外經濟情勢及產業環境,預估107年度主要業務之營業目標如下：商業本票保證年平均餘額1,012億元。短期票券承銷及首買年平均餘額2",0,N
2820,2017,"694億元。票、債券附買回交易年平均餘額1,766億元。資本適足率5%。重要經營政策及未來發展策略請參閱本年報第62頁長短期業務發展計劃,不另贅述。",0,N
2872,2017,"﻿謹擬訂107年營業計劃如下：ㄧ、密切關注國際經濟情勢及產業變化,掌握市場動向,適時調整經營策略。強化風險控管機制,力求資產最佳配置,提升資本運用效益。拓展業務領域",0,N
2872,2017,"增厚公司業績。維繫並穩定既有客戶,持續開發新客戶。強化資訊系統整合,提升作業效率。六、培養員工專業能力,落實績效評核,發揮人力資源。敬祈各位股東繼續鼎力協助與支持。",0,N
2874,2017,"﻿107年度營業計畫概要107年度國內外金融環境展望107年,先進及新興市場經濟體景氣仍將穩定復甦。美國預計就業、製造及生產等各項經濟數據表現持穩,消費者物價指數接近目標區,同時縮表計劃的實質影響將陸續產生；歐元區雖政治的紛亂現象依然存在,但就業市場及製造業、服務業景氣預期略有上升,歐洲央行亦將重新檢視資產購買計劃；中國大陸在生產、訂單及庫存狀況持續好轉下,製造及非製造業活動可望持續增溫。國內利率方面,中央銀行除審視美國聯準會升息幅度、縮表計劃啟動對利率的實質影響程度外,將更關注國內實質利率的變化情形以決定對應之貨幣政策方向,預期107年短期利率將呈現向上格局,金融商品之利率風險亦相對前一年度增加。經營方針、重要經營政策及未來發展策略持續加強員工專業訓練,以強化人力資源管理及運用效率。建立法令遵循文化,同時強化防制洗錢及打擊資恐之管控。依產業發展適時調整授信策略,以控管信用風險。另積極開拓優質授信及FRCP客戶",0,N
2874,2017,"並拓展聯合承銷業務,以增加票源及收益。買入績優公司債及金融債,提高利差收益,並動態調整資產組合及存續期間,以控管利率風險。掌握市埸資金狀況,持續開拓穩定資金來源,以降低資金流動性風險並擴大利差。加強產業分析,建立適宜之股票投資策略,並隨時注意國際金融情勢,以掌握波段操作機會。維持適當資本適足性,並依業務發展適時調整分配資本。預期營業目標與其依據根據市場趨勢及未來營運策略,訂定107年度總業務收入目標為9億元,其中債券業務利益佔約39%、票券及保證業務利益佔約56%、股票投資及資產交換等利益佔約5%。",0,N
2894,2017,"﻿107年度營業計劃概要經營方針推動新種金融商品業務、增加收入來源。落實風險管理,維持良好資產品質。提升經營績效,維持穩定獲利。開拓優質授信客戶,增加自保利差與獲利。健全內部管理,加強公司治理。營業目標保證商業本票平均餘額：新台幣31,000,000仟元。承銷及簽證商業本票平均餘額：新台幣82,300,000仟元。商業本票累計賣斷量：新台幣407,319",0,N
2894,2017,"750仟元。各類債券累計賣斷量：新台幣50,000,000仟元。經營政策審慎研判利率走勢,降低升息之衝擊。增加資金來源管道,尋求較低資金成本。落實授信風險控管,維持良好授信品質。加強作業管理,提升作業之效率。強化資產負債管理,提升獲利之空間。投入新種業務開發,培育專業人才。",0,N
5840,2017,"﻿107年度營業計畫概要經營方針106年全球經濟穩健擴張,美國於去年3度宣布升息,並持續升息循環,全球資金版圖挪移,新興國家資金外流情況加速,惟歐洲、日本等各國央行多持續執行量化寬鬆政策,各國景氣表現迥異,局勢難明,國內市場銀行票券同業競爭情況仍未有減輕,107年對票券業而言,仍是充滿挑戰的一年。面對景氣不確定性之金融環境,不動產授信風險升高之影響,使票券業在商業本票保證之授信業務更具挑戰。爰此,本公司經營方針將加強各項業務之風險管理,以兼顧實質收益及維持市場領先地位為目標,其中：授信業務經濟景氣持續轉佳,授信風險管控為上。深耕客戶往來關係,提升利差創造獲利。加強產業滲透深度,開發優質授信新案。爭取參與大型聯貸,創造穩定收益來源。善用金控集團資源,強化企業法人服務。票券業務積極開發銀行NCD買入、優質他保及免保初級市場,以增加收益並維持市場地位。以長期資金需求之客戶為主要目標市場,推展一年期以上循環票券(FRCP)及聯合承銷業務。強化銀行關係,聯貸案爭取短期票券循環信用融資（NoteIssuanceFacility,簡稱NIF）商機。無實體商業本票全面上線,積極推廣以電子方式發行,以降低發行作業成本。多元開發各類型票券投資客戶,深耕並擴大票券次級通路。強化票券存貨管理,保持流動性並提高收益率。積極研發創新,掌握票券新種商品業務機會。債券業務調整整體債券組合結構,降低存續年期,減少利率上揚風險。篩選短年期優質資信債券,兼顧收益及滿足客戶需求。以政府債券交易為重心,加強公債買賣斷之波段操作。運用政府債券現貨與衍生性商品間之策略交易,以增加獲利來源。謹慎控管信用曝險,落實地區分散、產業分散之持債政策。強化投資組合管理,佈局高利差優良標的,提升整體收益。維繫並積極開發附買回交易(RP)客戶,以穩定分散資金來源,降低流動性風險。股權商品投資自營業務發展智慧選股模式,篩選價值型及趨勢產業股票操作。透過營業通路爭取並篩選優質CB/IPO/SPO認購標的。佈局資信優良、產業前景佳且具收益率及成長性之可轉債。加入流程電子化,減少紙本簽核流程",1,Y
5840,2017,"加快投資決策效率。加大海外台股陸股美股歐股與各類商品ETF操作力度,參與全球權益市場之獲利契機。新種商品業務持續積極擴大外幣債、票券業務經營範圍,滿足客戶理財需求。以客戶需求為導向,整合各種商品服務,與金控旗下關係企業及金融同業策略聯盟,以提供企業法人全方位服務方案,擴大金融版圖。積極參與利率及匯率相關衍生性金融商品業務,並模擬各種交易模組以掌握商機、增加獲利。積極導入金融科技(FINTECH)應用,評估規劃建置電子平台,另籌備開發非美元附買回交易,提供更多元化服務,增加收入來源。預期營業目標與其依據單位：新台幣仟元主要業務項目107年度預計數商業本票之保證810,200,000商業本票之簽證1,328,000,000初級市場承銷融資性商業本票1,328,000,000承銷資產基礎商業本票-買入交易票據-承作銀行承兌匯票-買入可轉讓銀行定期存單165,000,000買入國庫券-次級市場票券買賣交易量4,100,000,000債券買賣交易量3,200,287,500資料來源：本公司107年度營業預算書。重要經營政策加強授信動態管理,及時控管、預警授信戶信用貶落發生。善用授信資源,積極增加授信餘額並提高利差。加強各產業開發廣度及深度,以積極爭取收益及擔保性俱佳之授信新案。致力拓展次級客戶之深度及廣度、分散票債券業務資金來源,審慎管理流動性風險。掌握票券賣斷商機,採行流量操作,提升承銷票券能量,增強交易商角色。調整整體債券組合結構,降低存續年期,減少利率上揚風險。佈局資信優良、具收益率及成長性之可轉債。透過金控股權平台,篩選價值型、具題材股票。核心業務平衡發展,加強分散投資,增加穩定性收益。持續推廣新種業務經營,增加穩定營收來源。",1,Y
5842,2017,"﻿107年度營業計畫概要經營方針強化組織管理以提升營運績效,持續維持市場領導地位。落實績效評核,強化人力資源之運用效率。落實內部控制,強化公司治理。強化風險管理,維持良好財務及資產品質。預期營業目標與其依據單位：新臺幣佰萬元項目107年度預算數承銷暨買入各類票券2,472,600融資性商業本票發行金額2,198,933買賣各類票券7,601,450買賣各類債券4,603,700票債券附買回交易餘額200,251平均保證發行商業本票餘額153,000重要經營政策穩資金、降成本：加強開拓授信客戶承作外幣債券次級交易,擴展國內金融機構外幣資金,佈建穩定資金來源,彈性辦理拆款、換匯或附買回交易,在兼顧資金調度風險前提下,降低資金成本,提升養券利益。勤發票、擴利差：關注央行貨幣政策、掌握金融情勢",0,N
5842,2017,"適時調控初、次級交易利率,妥善管理票券部位進出,以擴大票券發行及買賣利差,保持市場領先地位。慎保證、強體質：持續關注客戶營運及財務動態,掌握行業前景與資金調度能力,作為授信決策依據。拓券源、利養券：主動爭取主辦聯貸案及免保商業本票聯合承銷案,及積極爭取銀行可轉讓存單、他保及免保票券買入、承銷業務,以擴增券源及養券收益；審慎佈局外幣債券業務,分散國家風險並增加外幣公司債券比重,維持整體部位養券利差,降低美國升息衝擊。頻交易、固市場：鞏固票債券業務之市場領先地位。調庫存、控風險：適度控管台、外幣債券之風險年限,俾兼顧風險趨避及提升收益目標；合理配置資本,維持資金運用效能,強化風險管理制度及系統。引科技、增效率：持續強化資訊系統及內部作業效能,建置報表管理、會計標準化作業平台,提升徵信、授信、審查及後台作業效率。迎創新、展未來：積極規劃新種業務,擴大業務範圍；持續推行綠色環保無紙化會議系統及無紙化核心報表管理系統,節省地球資源消耗,實踐企業社會責任。",0,N
2882,2016,"本年度營業計畫概要在過去一年,國泰金控面對美國大選及升息、英國脫歐、中國經濟增長減速等重大政經情勢變化,仍秉持著為股東、客戶及員工創造最大價值的永續經營理念,穩健踏實、妥善經營,整體獲利表現優於產業平均。未來將以更審慎的態度因應全球政經變動,以靈活策略發展集團轉型創新及加速佈局擴張,茲將2017年經營方針概述如下:持續優化組織體質及業務結構,提供客戶更優質的服務:以「誠信、當責、創新」做為企業核心價值,持續優化組織體質,追求整合經營綜效,為國泰金控永續經營打下扎實根基。各子公司將不斷強化核心商品及服務能力,鞏固既有業務領域之競爭優勢,並打造全方位智慧金融科技環境,增加與客戶的互動連結,優化客戶體驗。同時,持續重視價值導向的業務及產品,推動通路改革以強化業務能力,帶給客戶更多元、便利且安全的金融服務。此外,各子公司亦將積極提升各項業務基礎建設並優化內控及法遵制度,以符合日益嚴謹的監管要求,追求企業的永續經營發展。逐步完善區域佈局",0,N
2882,2016,"實踐「亞太地區最佳金融機構」之願景:在成為「亞太地區最佳金融機構」的策略願景下,國泰金控將持續評估海內外策略投資機會,透過自設及參股併購等策略齊頭並進,藉由串聯區域佈局,建構全面的跨境金融服務及發掘利基性的在地商機,做為台資企業於海外發展的金融後援。中國大陸地區方面,除2016年國泰世華銀行深圳分行新開業外,將持續審慎評估申設各地分支行及升格子行的機會,同時亦將整合集團整體資源,並偕同合作夥伴,共同深耕中國大陸保險與資產管理市場。東南亞及歐美市場方面,國泰金控目前在東協十國中,已於九國設有分支據點,於東協市場之網絡佈局更趨完整,未來將積極開拓當地企消金市場擴大營運規模,並將持續深化此平台的價值,串聯台灣及海外市場;海外資產管理事業則以ConningHoldingsLimited(“Conning”)作為發展基礎,結合國泰金控在亞洲市場的發展優勢,建構橫跨歐、美、大中華地區的資產管理平台,點燃集團第三成長引擎的業務動力。",0,N
2886,2016,"本(1年度營業計畫概要經營方針深耕客戶,創造集團綜效專注及聚焦經營,創造股東最大價值強化集團風險管理,提升預警機制加強資訊安全管理,提升數位處理能力落實公司治理,形塑法遵文化強化機構投資法人關係,增加資訊透明度預期營業目標維持穩定獲利及市場領先優勢,奠定成為領導金融機構之地位。單位:外匯業務-佰萬美元其他-新台幣佰萬元子公司別項目106年度預算銀行存款2,278,400放款1",0,N
2886,2016,"780,500外匯808,100票券承銷暨買入各類票券2,207,630買賣各類票債券11,899,056平均保證發行商業本票餘額152,000證券經紀平均市占率10%產險總保費收入7,294重要之經營政策朝向成為亞洲區域性金融機構目標邁進。",0,N
2888,2016,"本年度的營業計畫概要展望新的一年,本於創新局面、勇於當責與落實執行力之前提下,提升對子公司的管理能力、強化金控綜合效益、積極規劃集團發展策略及提升集團品牌形象,以凝聚同仁向心力,創造股東最大效益。子公司的管理重點,在於穩定獲利成長與調整業務結構。人壽處於調整體質的過程中,金控持續協助及監督其落實策略、預算目標與關鍵績效指標之執行力;銀行著重於擴大手續費收入及境外獲利等新利源、掌握數位商機、提升員工生產力、強化基礎建設、審慎控管風險;投信著重於培育並招募優秀人才、提高操作績效、開發定期定額商品;保代、創投則著重於強化跨子公司間之業務開拓。建立金控平台及專案管理制度,以提升集團綜合效益,達成深化客戶滲透度及精準行銷、強化跨子公司及跨部門合作、小型子公司對核心子公司相互輔助功能、整合子公司核心專業能力平台、建立採購平台以有效控管成本並善盡企業社會責任。以金控的高度整合子公司專業人力及資訊",0,N
2888,2016,"規劃集團對外及內部的發展策略,以及資金、資本使用效益和對外籌資規畫。提升集團品牌形象,凝聚同仁向心力,除將嚴格落實法令遵循及風險控管外,亦將企業社會責任與公司治理項目列入金控及子公司的關鍵績效指標,並落實分層負責及當責文化,以提升公司形象資產及企業文化。",0,N
2889,2016,"106年度營業計畫概要經營政策與方針整合金控集團資源、強化核心業務,提升各關係企業營運績效,降低經濟結構變動或金融市場波動對業務之衝擊。在維護股東權益原則下,伺機尋找合適之併購標的及策略合作夥伴,以增加集團產品線深度及廣度,創造穩定多元的收入來源。因應金融科技(FinTech)浪潮,積極研擬金融創新業務並尋求合作機會,同時向主管機關爭取開放承作新種業務。藉由集團各通路平台進行共同行銷,穩定資產管理規模,以提供客戶具競爭力之基金商品。遵循主管機關政策,強化法令遵循作業,考量利率及人民幣匯率波動",0,N
2889,2016,"彈性調整操作策略,控制利率及匯率風險曝險程度,以穩健經營為營運主軸。預期營業目標及其依據依據整體政經金融情勢發展及子公司營運狀況,本公司將持續加強對投資事業之經營管理,提升各子公司獲利貢獻,並評估發展其他金融事業之可行性。預計106年營業目標為:國際票券:保證商業本票7,580億元、承銷商業本票1兆3,120億元、買賣各類票券4兆5,661億元、買賣各類債券3兆3,193億元。國票證券:經紀業務量受託買賣成交量1兆732億元、融資平均餘額90億元、融券平均餘額7億元、自營操作獲利02億元。國票創投:投資將著重在政府政策主導之智慧機械、生技醫療及電子商務等三大區塊,新增投資金額為5億元。",0,N
2891,2016,"106年度營業計畫概要中信金控秉持穩健經營之原則,持續強化財務結構及建構最適資本配置,以建立永續之顧客關係為核心價值,為中信金控未來發展奠定良好的基礎。106年度之營業計畫概要條列說明如下所示:106年度經營方針著眼國際市場,佈局亞洲全域。強化公司治理,經營品牌效益。整合集團資源,創造金控綜效。傾聽顧客需求,共創客戶價值。提升風控技術,落實風險管理。拓展收入來源,嚴控資產品質。數位金融升級,力求領先業界。預期營業目標成為最瞭解客戶需求、最值得信賴、最有效率之金融機構。落實併購後管理,持續整合集團下業務及系統。強化金控下各子公司間業務合作,藉以發揮集團綜效。銀行事業將以臺灣獲利與海外成長為並進目標",0,N
2891,2016,"加速拓展具獲利性之業務與營運規模。保險事業將以精耕客群、顧問式銷售及最佳服務,成為客戶首選之保險公司。證券事業加強國際業務發展,建構以客戶績效為核心的數位券商模式。投信事業將打造私人銀行級投資管理公司。建立數位金融開放平臺,發展新營運模式,維持創新動能導入各式新技術。重要經營政策回饋金控資源,落實企業社會責任。公開資訊透明,強化公司治理機制。注重長期價值,維持高資產品質及營運穩定性。落實風險治理,強化遵法管理機制。招募跨國人才,拓展海外版圖。開展海外據點,提高國際市場經營能力與業務比重。發展數位金融,提供客戶更多使用情境。",0,N
2892,2016,"本(1年度經營策略及業務計畫-『創新轉型、永續競爭』展望106年度集團之營運,面對全球進入新平庸經濟時代,本集團不論在海外市場的布局串聯,或是新科技的掌握與商品服務的創新等面向,仍積極思索永續成長的動力,一方面以「創新轉型」策略,打造「數位型」金融業的軟、硬體基礎結構,逐步調整集團各事業營運模式,聚焦核心業務推展,以推動獲利成長。另一方面,以「永續競爭」策略,結合金融科技應用,深化客群經營管理,以差異化行銷提高複合服務之滲透率,亦推動與供應鏈、客戶、股東等利害關係人共同響應企業社會責任之實踐,以達成「利基型」、「區域型」、「數位型」及「幸福型」之最佳標竿企業。106年度本集團重要經營策略敘明如下:海外經營規模化:串聯區域網絡掌握商機客群價值極大化:深化整合服務多元滲透通路行銷精準化:融合金融科技差異行銷經營轉型最佳化:強化核心業務穩健獲利公司治理標竿化:實踐永續經營共享成長在海外經營規模化方面,為持續朝亞洲區域型金融集團之目標邁進,除以外部擴張策略,尋求東南亞地區購併、參股、合資等機會外,亦積極藉由內部自發性擴展方式,評估銀行子公司設立印尼雅加達辦事處、爭取緬甸仰光代表辦事處升格分行,同時善用現有之亞太區域金融服務網絡,串聯海內外資源,聚焦新創重點產業、跨境聯貸主辦及價值鏈融資服務,並擴增海外分行業務產品線,如上海分行TMU業務,以提升海外業務量能,擴展在地經營規模;另外,發揮證券子公司香港地區據點功能,從業務發展、股權資本、策略聯盟等面向,彙集內外部資源提升其價值,以開創證券海外資本市場新藍海。在客群價值極大化方面,本集團整合行銷機制已步入軌道,未來將聚焦銀行與銀行以外子公司各通路客群之管理與結構優化,除善用核心通路銀行子公司之客戶基磐優勢,開拓新戶與深耕舊戶雙管齊下,並加強子公司間複合業務之推展,以兼顧銷量與存量的經營目標,提高往來客戶之各項業務滲透率,創造最大綜效。此外,優化整合金融服務系統資訊平台,依產品/通路單位面向重新檢視,更新作業流程,強化合規檢核機制及操作效率,運用數據規劃滲透目標客戶專案,並增加管理性機制,以深化客群經營及提升整合行銷業務實績。在通路行銷精準化方面,隨著金融科技發展日新月異,金融業正面臨新科技及服務模式之變化與挑戰",0,N
2892,2016,"現行數位通路的強化及數位金融的應用創新,將是本集團穩健轉型為數位型金融業的重要基礎工程,如銀行子公司因應使用者行為的轉變,加速布建數位分行,提升虛擬通路金融服務功能,並以客戶需求為出發點,優化整合跨境支付及行動支付工具,開創多元便利的數位金融服務。此外,加強位金軟、硬體基礎建置,輔以協助員工轉型為全方位數位金融行銷人才,同時透過社群媒體經營,增加與客戶即時互動管道,並藉由大據平台分析,迅速掌握差異行銷商機,以「科技金融、睿智服務」的理念,與客戶併肩進入金融服務新紀元。在經營轉型最佳化方面,為突破競爭激烈的金融紅海市場,掌握金融科技與創新商品推陳出新之進程,針對各事業未來營運業務及商品模式,重新調整市場定位並逐步轉型經營,如數位型的銀行、財管型的證券、價值型的投信、利基型的保險及創新型的創投等事業,並提升核心業務質與量,同時,積極整合集團資源,創新發展綠色金融商品,如綠色信用卡、綠色融資、綠能投資基金、綠色債券、綠色保險等,以擴大集團營運獲利範疇,此外,在雄轉型經營與致力推展業務之際,力求法令遵循的落實、內控機制的強化、風險控管的執行,建立本集團以風險管理為基的企業核心價值,且環境變化調整經營的永續競爭優勢,在公司治理標竿化方面,為精進公司治理效能,將強化集團各事業董監職能,提升資訊揭露透明度,另配合「上市上櫃公司治理實務守則」增訂「建立與股東互動機制」,將定期向董事會報吿機構投資人意見及關注議題;在環境保護及社會參與方面,持續透過多元豐富的公益及志工活動,注環境永續、友愛大地、教育關懷、體育發展、人文藝術等議題,使企業社會責任之實踐內化為集團企業文化外,亦積極擴大影黂面,帶動供應商及客戶共同推動社會公益,並凝聚集團、員工、股東及客戶推動永續成長能量,成為源源不絕的進步力量,共創互惠多驘的未來,",0,N
5820,2016,"106年度營業計畫概要經營方針、重要經營政策本公司秉持「成為客戶最信任的理財夥伴」以及「顧客至上、信用為先、團結和諧」的永續經營理念,並依據外在經營環境變化及金融長期發展趨勢,規劃經營方針及重要經營政策如下:深耕核心業務、發揮金控綜效整合各子公司資源發展策略業務,以發揮金控最大效益。透過跨通路、跨平台整合服務,強化業務間交叉銷售。整合區域資源,深耕在地關係,發展區域競爭力。推展證券財富管理業務。銀行放款結構調整",0,N
5820,2016,"中小企為重點。金控總客戶數及資產成長。管理效能提升、落實風控運用科技做作業流程創新及優化,以提升作業效能及強化風控。成本減降,提升費用效能與經營績效。風險管理技術提升,精緻權衡風險與報酬。掌握數位金融趨勢與商機運用行動裝置提升業務人員生產力。推展行動金融及行動支付。開拓數位平台新客戶。研究服務升級為智慧投顧,朝機器人理財邁進。規劃中長期發展持續評估銀行、證券及其他金融產業之合購併機會。評估FinTech產業投資機會。預期營業目標106年度整體營運目標如下:提升獲利能力同業排名。改善財務結構。強化公司治理。",0,N
5880,2016,"集團106年度營業計畫概要當年度經營方針有效資本配置,均衡各子公司發展。結合集團資源,提升跨售經營綜效。強化金融創新,提高收益及產出率。打造數位金融,整合建構虛實通路。架構區域布局,加強深耕海外市場。優化人力配置,增強提升業務動能。落實內控內稽,深化風險法遵管理。完善公司治理,善盡企業社會責任。預期營業目標與其依據單位:新台幣佰萬元集團成員項目106年預算數合庫銀行存款業務營運量(不含同業存款)2,640,000放款業務營運量(不含催收款)2,094,730外匯業務營運量(佰萬美元)112,000合庫證券經紀業務營運量466,500融資業務營運量4,201承銷主、協辦件數主辦20件協辦25件合庫票券承銷累計交易量193,450票債券營運量39,000保證營運量21,000附買回票債營運量27,000合庫資產管理債權回收金額938合庫人壽年度總保費28,928合庫投信基金規模(含全委)69,971合庫創投長期投資金額500重要之經營政策持續檢視集團各子公司核心資本,適時調整資本結構,因應集團未來業務發展所需。督促集團各子公司妥予配置資金,加強資產管理與運用,提升財務操作績效,增益集團資本配置之效益。善用銀行子公司廣大通路及客戶基礎,發揮協銷轉介能力,深化集團業務整合行銷,提升整合行銷綜效。整合集團各子公司資源,深化客戶往來關係,提高財富管理業務之金融商品市場占有率與客戶滲透率。精進大數據蒐集與分析,運用主題式商品與行銷專案分眾經營,提高收益與客戶黏著度。協助新創產業發展,發揮金融業挺產業之合作精神。重視金融科技專利申請",0,N
5880,2016,"投資金融科技相關事業,並與異業結盟,引進業務創新能量,打造數位新商機。加速實體分行轉型自動化服務,整合虛實通路與資源,優化網路銀行與行動網銀功能,打造數位金融環境。賡續擴張海外據點,加速集團亞太金融布局,提升海外獲利比重。配合政府南向政策,運用銀行子公司於東南亞及澳洲地區分行據點,協助南向發展之台資企業取得融資支持。配合集團事業發展策略,持續招募專業人員,挹注新血菁英,厚植跨業經營與海外市場人才,強化集團人力結構。落實Bank0員工轉型計畫,持續加強員工在職訓練,提升數位能力,培育多核心職能,並鼓勵取得專業證照,提升專業技能與人員素質。強化集團法令遵循教育訓練,提高員工防制洗錢與打擊資助恐怖主義責任意識,並持續督導集團各子公司有效執行法令遵循制度,俾落實法令功能。落實集團風險管控機制,監控信用風險集中度,加強作業風險資訊管理,有效強化並完善風險管理能力。建置完善公司治理架構,充分揭露集團社會責任方針及財務業務相關資訊,強化對股東及投資人資訊透明度,維護客戶隱私及重視服務滿意度,塑造企業優質形象。扶助弱勢者取得融資協助,持續辦理各項專案貸款,並積極參與公益活動,關懷偏鄉學童及弱勢團體,落實「取之社會、用之社會」理念,履行企業社會責任。",0,N
2882,2017,"﻿本年度營業計畫概要國泰金控秉持為股東、客戶及員工創造最大價值的永續經營理念,以穩健的業務發展及管理策略來面對市場的快速變化及競爭。展望未來,本公司仍將以審慎的態度因應全球政經變動,並持續完善區域佈局、發展業務創新、優化組織結構及加強法令遵循,茲將2018年經營方針概述如下：3逐步完善區域佈局,實踐「亞太地區最佳金融機構」之願景：在「亞太地區最佳金融機構」的發展願景下,國泰金控逐步串聯區域佈局,建構涵蓋大中華與東協市場的營業網絡,為海內外台商與當地客戶,提供全面性跨境金融服務。並藉由台灣發展經驗與海外策略合作夥伴的協同合作,持續開展各項能提升營運價值及股東獲利的業務機會。另外,為使資產管理事業成為集團發展第三支柱,將持續整合保險與銀行資源優勢,協助資產管理事業之整體發展,期望未來逐步提升獲利貢獻,加速集團第三個業務成長引擎。發掘金融科技應用領域,推動金融創新與流程優化：隨著全球在金融科技創新的發展突飛猛進,國泰金控建構專責團隊,招募各類非傳統金融領域人才",0,N
2882,2017,"積極投入金融科技創新應用領域,以解決消費痛點與優化使用體驗。未來國泰金控也將持續整合集團資源,打造全方位的智慧金融環境以提升服務的深度及廣度,以客戶為本的思維導向,推動前中後台的流程改造,帶來更多元、便利且安全的金融服務。持續組織體質改造,並加強法令遵循：以「誠信、當責、創新」做為企業核心價值,營造勇於承擔責任與主動學習思考的組織文化,落實以客戶為中心的經營理念,從根本核心價值出發,塑造無形的企業價值。同時,在面對全球金融市場日益嚴謹的監管要求,國泰金控從落實法遵制度、培育法遵人才、加強法遵教育訓練等方面著手,並完善內稽內控、防制洗錢及反資恐等機制,將法遵觀念深植於集團每位員工,確保業務發展能合法合規,為國泰金控永續經營打下扎實根基。",0,N
2886,2017,"﻿本（1年度營業計畫概要經營方針深耕客戶,創造集團綜效專注及聚焦經營,創造股東最大價值厚植風險管理文化,落實風險管理強化資訊安全管理,提升數位處理能力強化公司治理,落實企業社會責任強化機構投資法人關係,提升資訊透明度預期營業目標維持穩定獲利及市場領先優勢,奠定成為領導金融機構之地位。單位：新臺幣佰萬元；外匯-佰萬美元子公司別項目107年度預算銀行存款2,289,623放款1",0,N
2886,2017,"759,828外匯808,100票券承銷暨買入各類票券2,472,600買賣各類票債券12,205,150平均保證發行商業本票餘額153,000證券經紀平均市占率15%產險總保費收入7,485重要之經營政策朝向成為亞洲區域性金融機構目標邁進。",0,N
2888,2017,"﻿107年度的營業計畫概要金控核弖價值在於有效管理子公司,引導其發展策略,並落實執行,同時建置帄台及提供合作機制,以發揮金控資源整合之綜效。展望107年,新光金控將以五大面向作為策略發展主軸,持續強化營運績效,並提升品牌識冸度,為股東創造最大效益。穩定獲冺及強化風控：新壽占金控整體資產比重高達四分之三,因此穩定其獲冺為首要任務,並將持續調整經營體質,包含增加外幣型及保障型商品佔比以優化負債結構,提升業務部隊競爭力並積極發展內外部通路,加強外幣保單銷售以降低外匯避險成本,並提升投資報酬率。新光銀則以積極擴大新冺源、拓展規模為主,特冸在境外收益、財管及手續費收入之成長。此外,為強化風險控管,要求金控及主要子公司每月進行壓力測詴及預擬因應措施。資源整合：將透過CRM系統挖掘客戶未被滿足的金融商品需求,積極開拓",0,N
2888,2017,"以達交叉及精準行銷之深度開發。此外,亦將努力擴大及深化跨子公司業務合作範圍。發展數位金融：面對數位浪潮引發的破壞式創新以及金融消費模式的變革,金控將透過以下計畫推進「數位新光,行動引航」的策略方針：流程數位化,提升服務效率：運用大數據與人工智慧(AI)優化服務流程,例如推出風險預測模型及智能機器人；並持續開發與推廣新種支付工具。創新客戶體驗,增加客戶數及黏著度：例如引進保險小鋪等新型態的通路；運用AI與大數據探勘客戶需求,提升再購率；運用金融科技優化客戶體驗,提升交易孜全性；同時持續增設虛實整合的數位分行,以吸引年輕客群。強化公司治理：嚴格落實公司治理,並將公司治理指標納入各子公司的關鍵績效指標(KPI),且將公司治理占金控KPI的比重提升。同時亦將資訊孜全、洗錢防制、消費者保護及法令遵循等列為重點項目,以提升對客戶的服務品質,亦使金控在公司治理更為精進。海外發展：在恪遵相關法令基礎上,積極拓展海外收益及業務範疇,如提升國際金融業務分行(OBU)及國際保險業務分公司(OIU)之成長與獲冺佔比,並強化海外辦事處功能並加強與海外機構之策略聯盟。",0,N
2891,2017,"﻿107年度營業計畫概要中信金控持續以穩健經營原則,發展業務同時亦審慎評估資本配置與財務結構,以建立永續之顧客關係為核心價值,為中信金控未來發展奠定良好的基礎。107年度之營業計畫概要條列說明如示：107年度經營方針提升營運效率,擴大自發成長。打造數金核心,加速數位轉型。培育國際人才,深化經營海外。強化集團合作,創造金控綜效。著眼亞洲市場,尋求策略夥伴。精進公司治理,強化董事職能。落實法令遵循,防制洗錢資恐。預期營業目標成為最符合客戶需求、最獲得客戶信賴、最有效率之金融機構。持續整合集團下業務及系統",1,Y
2891,2017,"完善旗下金融產品與服務。強化金控下各子公司間業務協銷,提升合作之綜效。銀行事業將以持續鞏固臺灣獲利與積極擴展海外市場為目標。保險事業將以多元通路推動高收益商品,使保險收益極大化,並持續增加經常性收益比重,提升公司穩定獲利基礎。證券事業將建構以增進客戶交易體驗為核心的數位券商模式。投信事業以打造私人銀行級投資管理公司為目標。既有業務持續數位轉型,發展創新數位營運模式。重要經營政策落實企業社會責任,投入公益慈善活動。資訊揭露透明公開,持續精進公司治理。著重長期價值,維持良好資產品質及營運穩定性,永續經營品牌。落實風險管理,強化法令遵循。",1,Y
2892,2017,"﻿	本(1年度經營策略及業務計畫-『深化綜效、共享價值』展望107年度集團之營運,在全球經濟共同迎來復甦曙光之際,本集團除積極掌握海外市場擴張的機會,亦就集團內各事業客群滲透、跨境整合及創新服務等方面,發掘成長新動力,一方面以「深化綜效」策略,結合大數據與人工智慧應用精準行銷,聚焦各事業單位核心業務暨商品之跨售滲透,進而帶動各事業通路之整合價值與共享分潤。另一方面,在打造集團獲利新引擎的同時,將經營核心價值結合企業社會責任之實踐,為社會創造價值,共創經濟、環境、社會三贏的局勢,以達成集團「共享價值」之目標。107年度本集團重要經營策略敘明如下：FirstFinancialHolding5開拓市場價值；擴大業務基磐擴大整合商機；提升客群滲透應用人工智慧；強化資安防護落實績效管考；貫徹法遵內控致力公司治理；傳承企業價值在開拓市場價值、擴大業務基磐方面,除持續尋求東南亞地區購併、參股、合資等機會,亦積極評估銀行子公司設立印尼雅加達及馬來西亞吉隆坡辦事處、爭取緬甸仰光代表辦事處升格分行,深化據點覆蓋,並擴增業務產品線,如房貸等核心業務,以提升競爭力,擴大在地營運規模。在歐美市場方面,掌握景氣脈動,評估設立美國德州貸款辦公室及歐陸地區分行,搶占布局先機,並運用金融中心優勢攜手國內,爭取聯貸主辦及衍生商機,同時拓展大中華市場跨境業務,提升客戶關係價值。另外,除持續協助證券子公司香港據點精進複委託及財富管理業務,亦規劃布局東協地區利基市場,整合銀行、證券、創投等集團資源,拓展銀行以外子公司之海外獲利基磐。在擴大整合商機、提升客群滲透方面,本集團整合行銷在共同行銷機制漸上軌道後,通路結構雖仍以銀行為核心,然銀行以外子公司通路亦逐年擴大業務範疇,未來將積極開拓集團潛在客群商機,以兼顧個人及法人客戶,深耕舊戶開拓新戶的經營目標,加強子公司間複合往來業務,發揮金控綜效,並發行利基產品及改善通路效率,提升集團銷售動能與商品滲透率,以有效促使既有客群之價值為所有事業體所共享。證券子公司將以財富管理或信託架構提供全方位理財服務,建立其獲利第二支柱,開創新種業務版圖。另挹注人壽子公司資本,使其在通路開展上與銀行密切合作,加速行銷通路及投資多樣化之推展,務求短期內轉虧為盈,達成資產規模及獲利雙成長",0,N
2892,2017,"以創造集團整體效益極大化。在應用人工智慧、強化資安防護方面,面對金融科技浪潮席捲全球,相關產業與人才紛紛轉型,本集團近年來以「數位轉型」為經營主軸,積極導入數位化及行動化服務,整合虛實通路,經過多年耕耘,逐漸開花結果,未來除持續提升各項數位應用系統,亦將以數據技術為基礎,發展人工智慧應用,結合新興科技升級數位通路,並透過外部合作研發創新服務,循序拓展數位化、數據化、智能化的金融服務。而在追求業務創新突破的過程,資訊安全防護為構建數位金融的基礎、創新金融的基石,未來將持續提升資訊及網路系統之安全防護機制,同時整合集團資訊安全之規劃,強化資訊安全競爭力,帶給客戶更安全、有保障的智慧金融服務。在落實績效管考、貫徹法遵內控方面,為擴大集團經營規模提升市場競爭力,針對各事業核心業務之推展,尋求商品端與通路端之策略聚焦,以鞏固經營獲利根基創造成長動能,並將各事業經營績效指標列管考核,提升管理實質成效。此外,隨著國際監理環境趨嚴,為符合國際趨勢與時俱進,在致力推展業務之際,除力求法令遵循的落實、內稽內控的管理、風險控管的執行,亦積極強化集團防制洗錢與打擊資恐機制、提升員工風險意識及能力,共同打造更透明、更有秩序及更健康的金融環境。第一金控總經理林謙浩先生FirstFinancialHolding6在致力公司治理、傳承企業價值方面,為精進公司治理,除持續強化集團各事業董監職能,加強各業種別法規面與經營面專業知能外,同時為提升董事會效能及運作,將委託外部專業機構或專家學者辦理董事會外部績效評估。在實踐企業社會責任方面,持續結合環境永續理念與核心職能,積極運用核心能力,擴大影響面以回饋社會,除創造經濟利益,也為社會創造價值,邁向永續共享的新時代,同時,配合政府推動企業永續發展,投入永續發展目標聯盟「商機媒合平台」,帶動金融機構推展綠色金融,媒合綠色商機,協助擘劃我國企業永續發展的藍圖。",0,N
5820,2017,"﻿107年度營業計畫概要經營方針、重要經營政策本公司依據經營策略規劃經營方針及重要經營政策,分述如下：凝聚經營共識、確立永續發展明確營運目標：財務面以ROE為追求目標,營運面積極創造通路價值。資本資產配置：重新檢視投資架構與資本配置的效益,規劃妥適的資產部位配置。強力落實執行：建立檢視機制,明確賞罰制度,以確保政策落實執行。股東價值的極大化：提升資本使用效能,擴大資產規模,成就股東價值極大化。核心業務的深耕與創新精進整合各子公司業務資源及發展策略,透過跨通路、跨平台,整合服務與商品創新,強化業務間交叉銷售,為客戶提供最信賴的投資理財服務。確立銀行以中小企業為核心業務主軸,證券以經紀業務雄厚的客戶為發展根基,透過深入銷售服務,進而提升金控的整體營運效益。數位金融的規劃與推展多元化通路的整合,透過金融科技創新,串聯實體與虛擬通路,發揮數位金融優勢並掌握人工智慧發展趨勢",0,N
5820,2017,"提供客戶便利、安全的理財服務。強調策略研發的重要性,掌握市場商機與脈動,全面思考海內外市場的投入、金融商品的研發與設計或是數位金融科技帶來的營運變革,以確保長期競爭力。提升管理效能與落實風控及法遵風險管理技術持續提升,平衡風險與報酬。強化防駭、防毒、防外洩之資安防禦能力,以確保資訊系統安全。升級管理及防制系統,建立整體性防制洗錢及打擊資恐能力,以落實法令遵循。公司治理與企業社會責任落實法令遵循、風險管理與內部控制程序,確保公司、員工、股東、及客戶的權益。積極參與公益活動,回饋社會、善盡企業責任,並宣傳企業形象與永續經營的信心。預期營業目標107年全球景氣持續穩健復甦,我國經濟發展受惠於半導體先進製程等科技創新暨應用趨勢,可望持續挹注我國出口動能；加上政府積極推動前瞻基礎建設計畫,擴大公共財政支出等,均有助於經濟發展,但仍受許多不確定因素影響。本公司因應內外部環境的變動已規劃具體之發展計畫,並擬定營業目標如下：提升獲利能力。改善財務結構。強化公司治理。",0,N
5868,2017,"﻿107年度營業計畫概要經營方針與重要經營政策籌劃執行作價增資,強化資本健全經營創新數位科技應用,打造前瞻金融服務布局全球深耕南向,擴大海外經營規模量化管理效率經營,提升集團營運績效整合集團資源運用,創造整體經營綜效深化專業人才培育,厚植集團核心實力強化內控三道防線,穩健體質永續發展提升公司治理成效,踐履企業社會責任107年度預期營業目標子公司名稱主要營運項目營運預算目標臺灣銀行存款業務營運量3,533,288,000放款業務營運量2,309,000,000外匯業務承作額338",0,N
5868,2017,"081,000臺銀人壽保險初年保費收入9,107,174續年保費收入39,827,914總保費收入48,935,088臺銀綜合證券經紀業務營運量805,760,000承銷業務營運量1,500,000自營業務營運量2,610,000單位：新臺幣千元(外匯：美金千元)",0,N
5880,2017,"﻿集團107年度營業計畫概要當年度經營方針打造數位金融,致力創新金融服務。拓增全球據點,提高海外獲利貢獻。擴大跨業合作,發揮整合行銷效益。深化人才培育,增加未來競爭優勢。優化資本管理,均衡多元引擎發展。落實內控法遵,加強資安防制洗錢。增益財務操作,提升企業整體價值。強化公司治理,善盡企業社會責任。預期營業目標與其依據單位：新台幣佰萬元集團成員項目107年預算合庫銀行存款業務營運量（不含同業存款）2,689,000放款業務營運量（不含催收款）2,137,482外匯業務營運量（佰萬美元）114,500合庫證券經紀業務營運量578,110融資業務營運量4,400承銷主、協辦件數主辦16件協辦25件合庫票券承銷累計交易量223,015票債券營運量53,250保證營運量24,500附買回票債營運量34,600合庫資產管理債權回收金額864合庫人壽年度總保費37,317合庫投信基金規模(含全委)84,396合庫創投長期投資金額300重要之經營政策掌握科技趨勢,整合集團數位平台,提高虛擬通路占比,並提升各項業務滲透率,打造數位化服務管道。積極發展FinTech技術,加強金融專利布局,保障集團智慧財產權益,提昇業務競爭力。整合集團資源,善用廣大客群及通路優勢,持續深化客戶關係與依存度,提升共同行銷執行成效。加強子公司間各項商品跨售與業務合作,滿足客戶全方位金融商品之需求,提高市場占有率,發揮集團綜效。審視集團各子公司之資本使用效率,適時調配資本,提升經營績效",0,N
5880,2017,"創造多元獲利引擎。強化核心業務競爭力,善用各式專案與保證基金,兼顧風險控管與業務成長,擴大業務規模,提升營運效能。督促集團各子公司妥善配置資金,加強資產組合配置,提升財務操作績效,增益集團資金運用效益。順應金融市場國際化潮流,擴大資金運用管道,強化海外金融商品操作,多元佈局以提升海外獲利動能。持續評估佈建海外營運據點,配合政府新南向政策,拓展東協市場,朝區域性指標金融機構之目標邁進。提升銀行子公司國際業務分行與海外分行之營運效能,調整客群結構,落實在地化經營,擴大海外收益比重。持續招募各業別專業人員,挹注新血活絡組織,厚植跨業經營所需人才,強化集團人力結構。賡續落實Bank0員工轉型計畫,鼓勵員工取得各項專業證照,培育員工多職能專長,以提升業務競爭力。加強集團各子公司風險管理、法令遵循與內部稽核之合作,以確保內部控制制度之有效性。成立防制洗錢及打擊資恐工作小組,定期檢討集團執行情形；督導各子公司強化個資電子檔防護等資訊安全管理。持續建置完善之公司治理架構,保障股東權益,強化董事會職能,落實管理階層有效監督,提升公司治理效能。即時且充分揭露集團社會責任方針及財務業務資訊,並響應政府推動全民運動風氣政策,積極投入公益活動,履行企業社會責任。未來公司發展策略本公司107年度發展重點將以創新金融服務、發揮整合效益、優化資本管理、提升企業價值、提高海外獲利為策略主軸,並在兼顧人才培育、落實內控法遵及強化公司治理下,增加競爭優勢,以創造股東最大價值為努力之目標。",0,N
2801,2016,"106年度營業計畫概要經營方針及重要之經營政策存款業務:規劃數位金融、加強電子銀行及推展第三方支付平台,提供顧客便捷安全之服務;持續吸收臺、外幣活期性存款,以提高存款規模及提升活存比。依市場趨勢加強推展主要外幣如美元、人民幣、歐元等存款業務,舉辦優惠活動,擴大本行外幣存款資金池,以利掌握外匯業務商機。授信業務:配合政府新創重點產業政策,規劃推出專案貸款,並推展供應鏈融資,以提高中小企業授信業務營運量及動用率。推展消費性貸款及個人理財型貸款,以鞏固個金授信業務營運量。積極爭取主辦與共同主辦國際聯貸案,參與優質國際聯貸案,提高本行國際知名度及增加聯貸業務營運量。因應大陸地區跨境人民幣貸款業務開放,積極推展兩岸金融授信業務;深耕海外當地市場,提升海外單位自貸案承作比重。調整放款結構,提升利基型或收益較高之客群承作比重及加強中小企業授信,以有效增挹淨資金收益。業務拓展質量並重,除追求量的提升外,並維持良好授信品質及重視風險區隔。外匯業務:督促國內各營業單位積極拜訪優質客戶,增加進出口、匯兌等業務往來。加強與存通匯銀行往來關係,協助推展外匯及相關業務合作。強化跨境收付業務,提高外匯業務營運量及市占率;提升外匯手續費收入,擴大外匯業務收益。投資業務:掌握市場脈動,提供多元化之金融商品,協助企業財務操作,擴展金融商品銷售,提升本行盈餘。隨時研判各類金融商品趨勢,適時調節投資組合部位。信託業務:篩選符合市場趨勢之基金、外國債券及境外ETF,提供專業投資顧問服務;開發多元保管業務,增加保管手續費收入。推動不動產信託、不動產買賣價金信託、高齡者安養信託及身心障礙者信託等業務,提供客戶多元化信託服務。財富管理業務:強化財富管理系統效能,並加強理財業務人員選育留用。強化財富管理客群經營,發展多元理財商品。保險代理業務:加強推動傳統長年期保障型及投資型保險業務,持續拓展個人消費性產險業務。善用數位行銷,提升房貸壽險商品滲透率;強化跨單位合作推廣,發揮交叉行銷之綜效。卡片業務:針對不同客群,推出具備專屬功能及權益之信用卡,落實客戶區隔行銷,以擴大本行發卡規模及拓展收單業務。電子商務/網路銀行業務:整合電子通路代收代付業務及網路交易代收代付服務,引導既有客戶及新客戶善加利用。結合金融科技、社群媒體與支付,發展數位存款專屬之獨立品牌與行動支付APP。積極發展行動金融APP,強化即時訊息通知功能;透過社群媒體,拉近與粉絲距離,掌握客戶實際之需求。海外拓展業務:擴大兩岸金融市場服務範疇",0,N
2801,2016,"深化兩岸特色金融服務商品;拓展本行全球金融服務版圖,提升國際知名度。證券經紀業務:提升本行證券電子下單市占率,積極開拓證券市場;輔導營業單位開發承銷客戶商機,以增挹盈收。營運管理業務:提升員工核心職能教育訓練,培育數位金融與國際金融人才,提升整體人力素質與企業競爭力。妥適發展資本規劃與資產負債管理,俾維持適足自有資本,有效支援業務發展與風險承擔決策。落實公司治理,在健全之管理制度與監控機制下,進行各項營運活動,確保股東權益,爭取公司治理評鑑最佳成績。風險管理業務:以整體風險管理政策為最高指導原則,依據業務發展特性、新巴塞爾資本協定風險管理作業及質化指標要求,持續改善企金信用風險組合管理及監控措施,提供高階風險管理階層最正確、即時之資訊。運用進件/行為評分模型相關風險衡量工具,提供個人授信客觀且一致性之審核依據,以利辨識、衡量、監控與溝通個人授信風險。內部控制:持續推動內部控制制度三道防線文化,由第一道防線(自行查核)、第二道防線(法令遵循與風險管理)與第三道防線(內部稽核),共同確保內部控制制度有效執行。法令遵循:落實本行法令遵循制度,加強法令遵循功能。強化本行防制洗錢及打擊資助恐怖主義相關作業。後勤管理業務:強化資訊安全控管,提升資訊系統處理效率及可用度,增進作業效能。增加財產租賃收入,挹注本行營業外收入;減少費用開支並控管採購成本。配合政府節能減碳政策,以每年減少CO2排放量50,000KgCO2e以上為努力目標。預期營業目標存款營運量:1,600,258,052仟元。放款營運量:1,375,932,275仟元。投資業務(有價證券):331,787,211仟元。買賣外匯業務:118,764,579仟美元。證券經紀業務:64,048,151仟元。財富管理業務:74,125,000仟元。信託業務(保管):134,500,000仟元。卡片業務(刷卡量):17,700,000仟元。",0,N
2809,2016,"106年度營業計劃概要經營方針及重要經營政策在地經營人才傳承提升品質重視風控數位金融創造商機簡化流程提升效率調整結構強化獲利預期營業目標本行106年度各項預期營業目標如下:台幣存款年平均餘額外幣存款年平均餘額台外幣放款年平均餘額理財手續費收入1,629億元190億元1",0,N
2809,2016,304億元77億元,0,N
2834,2016,"106年度(11-1營業計畫—一—經營方針及重要經營政策為應金融市場國際化、高齡化及數位化等發展趨勢,並配合金管會推動金融機構挺實體經濟、金融科技發展、新南向政策、綠色金融及法令遵循等施政重點,本行除融資與輔導並重深耕中小企業專業領域,持續奠定服務客戶基礎外,並跳脫傳統思維,強化數位金融發展:充實自有資本,擴大業務能力強化投資人關係,彰顯本行合理股票價值。充實資本,提升業務擴展能力。擴增海外據點,整合通路服務強化海外布局及轉投資業務,提升收益貢獻。聚焦利基市場深耕核心客戶,提升客戶價值。優化人力資源,加強人才培訓改善人力結構",1,Y
2834,2016,"優化人力資源。加強培訓各項人才。優化科技投資,發展數位金融切合業務需要強化資訊基礎建設投資,提升資訊系統整體運作效能。虛實整合並進,優化客戶體驗。百年老店翻新,重塑品牌形象。優化內部流程,加強風險管理強化營運及顧客管理流程。加強策略聯盟引進創新能量。落實各項風險管理機制,提升資產品質。強化公司治理,善盡社會責任強化公司治理、落實內控三道防線。落實社會關懷,善盡社會責任。—二—預期營業目標為兼顧股東權益維護、資本結構改善及資產品質提升,參酌行政院主計處公佈106年經濟成長率預測值及壽險佣金率下降等因素編列目標。存款年平均餘額新台幣12,715億元。放款年平均餘額新台幣10,639億元。外匯承作量645億美元。",1,Y
2836,2016,"106年度營業計畫概要經營方針與重要經營政策放款—積極拓展利基型授信及賡續優化授信資產結構:提高中小企業放款比重,充分支持在地產業,並持續推展商業放款,兼顧業務發展與配合市政政策。慎選客戶提升房貸及土建融授信利息收入,增加不動產及買賣價金信託之手續費收入。拓展外幣放款,以提高收益。存款—降低台、外幣資金成本:賡續舉辦台、外幣活期性存款競賽,增加活期性存款。視本行一般性存款的成長情形,機動調降大額定期性存款比重。非利息收入—增加無耗用資本之收益比重:以基金及保險手續費收入為財富管理收入雙引擎。開發新種基金及保險金融商品,強化業務推展,增加收益。股票投資,以獲取穩健之現金股利及資本利得操作。國際金融業務—掌握境外業務發展,提高國際金融業務獲利占比:兼顧投資安全性、流動性及收益性下,加強OBU外幣有價證券投資,提高財務操作利益。妥善控管大陸曝險,爭取優質授信,並擴大放款利率加碼。秉持國際聯貸篩選原則,慎選產業",0,N
2836,2016,"積極承作穩健案件。積極推動數位金融—加強移動化、便捷化及個性化之金融需求開發:持續提升網路銀行功能,發展大數據精準行銷。提升行動銀行服務效能,強化資安風險控管。推動電子金融業務,服務科技化,降低臨櫃業務。提供便捷之行動支付,滿足消費者需求,發揮經營效益。強化法令遵循與洗錢防制—責成專責單位監控擬定完善法令遵循執行計畫,並制定以風險基礎方法論為考量之全行洗錢及資恐風險防制計畫。由專責單位,持續監控法規變動風險與洗錢及資恐風險等相關作業,避免觸法情事發生。內部控制—兼顧風險控制與作業效能:繼續強化第二道防線機制,並落實自行查核,防範弊端。各業務主管單位,加強對分行的業務協助與督導。持續實施一般查核會後檢討機制,以強化內部控制制度及簡化作業程序預期營業目標存款平均餘額:新台幣2,322億元。放款平均餘額:新台幣1,770億元。外匯業務承作量:56億美元。手續費收入:新台幣52億元。",0,N
2837,2016,"展望106年,美國經濟持續復甦,經濟成長率預估為2%,歐洲經濟成長率預估維持水平為4%,中國預期微降為4%,台灣因出口市場回溫,民間消費與投資穩健,國內經濟成長率預期將較105年度提升至9%。面對全球詭譎多變的金融環境,及因應主管機關將洗錢防制、法令遵循、資通安全管理、消費者及個人資料保護以及推動金融科技等創新措施列為106年度金融實施重點",0,N
2837,2016,"本行將以符合監理機關前提下,落實「擴大資產規模與優化財業務結構、完備金融產品及系統建置、細緻化企業與個人金融業務客群經營、提升企業形象與品牌知名度」四大策略目標,以穩健紮實之業務基礎,展現本行專業金融之實力;另一方面,配合臺商加速佈局東協及政府南向政策,將透過設立海外分支據點及參股消費金融公司,擴大經營區域,滿足客戶於大中華與東南亞市場業務需求,逐步發展成為區域型利基銀行。",0,N
2838,2016,"106年度營業計畫經營方針與重要經營政策:存款業務:針對目標客群如中小企業戶、公教存款戶及幸福存摺戶規劃存款活動專案,以加強吸收活期性存款及拓展新客源;於桃園機場捷運全線設置ATM,藉以擴大本行服務據點及存款業務之拓展;開辦VISA金融卡「醫指付行動支付APP」、行動金融卡、及跨境電子支付等業務,以提供存戶全方位之支付工具;投標區域監理所承作駐點代收業務,以增加公教人員存款,並挹注手續費收入。企金業務:積極拓展工商企業貸款,優先承作具自償性之貸款及於臺灣生產製造之廠房貸款,並透過信保基金及徵取優質擔保品,增加債權保障,另配合政府政策加強中小企業貸款,並適時搭配政府相關專案貸款,同時強化風險管理,以維持良好資產品質。消金業務:穩建推展房貸授信業務,慎選自住型且具資歷及還款能力之客戶為主要對象,擔保品以次級市場較佳物件為主。車貸業務則積極與優質車商聯盟配合貸款專案合作,以穩固中古車貸款通路。發揮分行通路價值,以依市場需求採分眾行銷,持續觀察市場變化,針對不同族群設計消費金融貸款專案,以切合市場趨勢。信用卡業務:強化與頂級族群之黏著度,積極推廣銀行卡,鞏固維持多元推廣通路如聯名卡、專職推廣、分行推介、增加網路申辦,提高全新卡申辦,維持品牌占有率;透由卡友週期管理,緊密活動溝通,提高卡友動卡率,以增加簽帳手續費及利息收入;產品策略以客戶價值主張出發,提供差異化並藉以鞏固卡友認同、忠誠度及搶占市場先機;維持卡片優惠回饋特點之競爭優勢",0,N
2838,2016,"強化信用卡附加功能,如電子票證、國際錢包行動支付;拓展小額信貸業務新貸量,提升優質客群占比,控制風險,增加營業收入;逐步提升開發中等收單特店規模占比,積極成長特店分期業務,提高收益。財富管理業務:深耕客戶關係,加強有效客戶之開發,提升市場佔有率,持續導入多元化商品(如:ETF、國內結構型商品、外國債券等),增加客戶多元化資產配置選擇。保險代理業務:導入保障型保險商品(如:長期照護商品、實支實付型醫療商品、微型保單等)及創新保險商品(如:保證保本投資型商品),提供客戶全方位保險需求規劃。通路拓展:本行國內共有90家營業據點,且為拓展海外經營版圖及擴大營運碁磐,本行已獲金管會核准前往香港地區申設香港分行,將可因應市場國際化潮流。為提供客戶更便捷的服務,本行近年積極拓展行外ATM,希藉由通路之延伸,提昇本行品牌形象及知名度,105年底全行已設置行內外ATM共904台。本行106年度預計營運目標業務項目106年目標存款業務(含外幣)年底平均餘額新臺幣4,813億元放款業務(不含信用卡業務)年底平均餘額新臺幣2,831億元外匯業務年度承作量為37億美元營業績效相關指標提升:包括逾放比低於同業平均水準,及因應BASEL3規定,維持資本水準以提前符合108年各項資本比率標準。冀望在全體股東的鞭策及全體同仁的努力下,達成各項營運目標,締造更優異之業績,以不負各位股東及社會大眾之期許,爾後尚祈各位股東繼續惠予本行策勵及指正。",0,N
2845,2016,"106年度營業計劃概要預期營業目標本行106年度重要營業目標如下:總資產:5,900億元。存款總額:4,779億元。放款總額:3,736億元。經營方針與重要經營政策個人金融業務:持續深耕財富管理品牌,首創樂活概念連結品牌價值,提升財富管理HAPPY+品牌知名度。靈活應用大數據分析,提供個人、PI(專業投資人)、家庭會員及中小企業主精緻理財諮詢及規劃服務。建置智慧互聯網「專家即時通」線上團隊諮詢平台,結合稅務與資產配置,提供全方位金融服務。持續深耕分行通路,重塑分行形象,調整分行區位佈局,擴大分行AUM。消金及信用卡業務:消費金融方面經營多元化通路,強化實體通路及網路客群經營,擴大資產規模。透過大數據工具,運用資料倉儲及雲端科技,推動CrossSales與BundleSales策略,深耕客戶長期關係。因應市場競爭及法規環境,強化風險管理,優化資產品質,鞏固利基產品,延續市場領先地位。信用卡方面整合集團多元零售通路服務,擴大經營遠東快樂信用卡。推廣happycash小額支付功能,增進持卡人付款便利性。結合大型行動支付及第三方支付業者,掌握新興支付商機。首創互動式行動電子帳單,提升e化服務。運用BigData,深化經營目標客戶,開拓新獲利來源。法人金融業務:動態調整資產組合,汰換低收益資產,維護穩健放款利差。加強主動式風險管理,嚴控資產品質,降低突發性壞帳損失。擴大優利活存及存款獎勵專案,拓展存款客戶來源",0,N
2845,2016,"提高資金多樣性及穩定性。推廣第2代企網銀平台,發展B2B2C業務模式,促進數位產品商機。積極主辦海內外聯貸案,提供結構型融資及客製化金融商品,提高利差及手續費收入,擴大海外資產規模及獲利佔比。金融市場業務:持續鞏固外匯保證金交易市場領導地位,運用社群媒體、網路、行動交易平台等多元通路,持續開發新客戶,提高市場競爭進入障礙。持續擴大TMU客群,推廣投資及結構型商品,增加非風險性收益。加強產品設計能力,拓展避險交易對手及來源,提昇產品報價競爭力及風險管理效能。調整全行長期及高穩定性資金來源,提升全行流動性覆蓋比率(LCR)及淨穩定資金比率(NSFR)。數位金融業務:加速數位轉型,以「FE跨界行動應用平台」為核心,結合遠東集團零售體系,發展集團行動應用生態圈。升級企業網路銀行平台,打造企業數位服務行動化。籌組場景科技應用團隊,創造客戶與數位金融服務新連結,提升銷售績效。運用大數據分析,尋找CrossSales行銷機會,打造多重客群經營關係。靈活運用自媒體,擴大粉絲團人數,創造新客源。強化Fintech自主開發能力,積極發掘新場景及新業務模式,掌握關鍵技術及申請專利權,逐步建構本行數位品牌市場地位。保險代理業務:與個人金融及法人金融事業群合作,慎選優質保險公司合作夥伴,引進不同目標客群所需要的人身壽險及財產保險商品,提供客戶最適化風險控管保險方案。運用數位金融科技發展,開發e/M線上投保商機。",0,N
2849,2016,"展望106年,美、歐、中三大經濟體仍潛存若干風險。美國貿易保護主義、英國脫歐後續效應,及中國推動經濟轉型等不確定因素,全球經濟發展能否全面性復甦仍有待觀察。國內面臨勞動成本升高抑制企業投資意願,稅賦加重影響不動產交易動能,而法令及監管趨嚴,反洗錢、反資恐以及資訊安全防護等議題均需增加資源投入。再加上金融科技發展迅速,傳統金融業務面臨許多新創科技業者挑戰,將使得銀行業經營難度更為提高。但機會仍然存在,美國經濟在新政府主張減稅、擴大財政支出及鬆綁金融管制激勵下,或能帶動外部需求成長,有利我國出口發展。政府推行的五大創新產業及前瞻基礎建設計畫,或能強化投資動能,帶動整體經濟成長潛能。再者降息循環結束,利差壓縮可望解除,銀行業將因此受益,而行政院主計總處在106年2月15日公布的最新經濟預測,今年度經濟成長率可望達到92%,增速也優於去年。因此,本行對於今年的營運展望仍保持審慎樂觀的看法,惟面對多變的政經情勢與經營環境,本行將致力於強化營運管理及業務推動的彈性,靈活運用各項資源掌握市場脈動及商機,均衡收益結構及降低風險集中度,讓安泰穩健地重回營運成長的軌道。今年營運目標將奠基於六大策略,一是調整業務結構、二是均衡收益來源、三是嚴守風險紀律、四是強化內部溝通、五是提升應變速度、六是積極進行人員轉型及人才培育。並透過持續深化「速度、專業、信賴」的核心經營理念",0,N
2849,2016,"以建構下一階段擴張、成長的動能與機會。六大策略環環相扣,內部已各就其位,接下來就是往外積極衝刺。106年本行重點工作如下:以創新思維引領轉型升級。首要之務是策略性調整業務結構,建構更多元化的產品線,導向衡平且兼顧風險的業務模式。內部管理借重數位科技,優化流程化繁為簡,達成快速、靈敏的組織運作效能。加速虛擬通路佈建,強化金融科技投資,並積極與金融科技及電子支付平台業者合作,提供分行就在客戶口袋裡的便利服務,同時提升資安防護能力,為客戶打造更安全的數位金融環境。加快人員轉型及人才培育,以開放態度迎接挑戰,前瞻思維與專業能力同等重要。提高全員風險管理及法令遵循意識,嚴守紀律,徹底執行。深化「以客為主」的經營思維。透過產品設計、通路經營、業務行銷的整體規畫,並強化跨部門合作及前中後台流程優化,提供滿足客戶需求的金融服務。加強內部溝通,打造奠基於「速度、專業、信賴」核心經營理念的組織環境,提高營運彈性及應變能力。面對未來挑戰與競爭,經營團隊將秉持一貫的決心及毅力,凝聚團結共識,為股東利益創造最大價值,並展現眾所激賞的經營績效,重返榮耀。",0,N
2893,2016,"106年本行將以提升放款收益、降低營運資金成本、增加手續費收入、推動數位金融服務、持續拓展海外市場為策略主軸。首先,在提升放款收益方面,積極推動海外授信及聯貸,提升放款利差,同時進行客戶分級管理,重新訂定授信利率定價規則,推動FTP制度,以利提升收益。在降低營運資金成本方面,除控管定存利率外,亦將透過現金管理服務提升本行活存比例,以提升存放利差。為提升財富管理業務手續費收入,將提升投資商品銷售比重、調整理專獎酬制度、積極開拓新客戶、加強專業投資人推廣及提升客戶服務品質及投資效能。信用卡業務部份,精耕頂級卡提高手收、增加收單特店為主要行動計畫。另為因應邁入數位金融時代,本行在區塊鏈的發展上",1,Y
2893,2016,"將積極配合導入創新技術,透過財金公司區塊鏈平台一同打造互聯共享的創新商業模式,追求安全與快速地達到規模經濟效益。在拓展海外市場方面,將持續推動越南及緬甸辦事處升格為分行;此外將加強新種業務之開發,以提升香港分行收益。為發揮金控交叉行銷綜效,亦將繼續強化與金控集團內之關係企業合作,以提升金融營運效益,加強開發各項新種金融業務,滿足不同客層之金融需求,藉以擴大經營規模暨提供更完整之全方位金融服務。承蒙客戶、金控母公司及董監事多年的支持與愛護,本行將繼續努力不懈,使經營績效能更進一步提昇,以回饋金控母公司及社會。董事長",1,Y
2895,2016,"106年度營業計劃概要本行秉持「穩健、前瞻、專業、熱忱」之企業精神,為客戶提供優質金融服務。展望未來一年業務發展重點如下:擴大業務規模105年底存款餘額(臺、外幣)為3,49億元,106年預計成長至3,79億元,年均額成長約15億元,業務營運量均額為3,64億元。105年底放款餘額(臺、外幣)為2,64億元,106年預計成長至2,83億元,年均額成長約19億元,業務營運量均額為2,71億元。為持續拓展本行存、放款業務規模,106年度將參考同業各縣市分行存放款規模訂定最低標準及推進時程,以致力於通路規模經濟效益之創造與提升。並以微笑服務精神,落實客戶外訪、在地深耕等策略,全面提升客戶滿意度並擴大客源基礎。創造多元收入傳統商業銀行收入皆以利息收入為主要來源,為達成本行六年業務成長之獲利目標,除持續增加存放款規模,以提升利息收入外,更規劃提升非利息收入(如理財收入、亯託收入、外匯收入、投資收入、亯用卡收入等)之佔比,並由相關業管部門提出發展策略:理財:持續開發新戶以及加強理財策略、專案及理財商品管理。亯託:持續推展不動產亯託、禮券預收款亯託以及旺得福家庭亯託外,規劃開辦遺囑亯託,以達業務均衡發展。外匯:拓展DBU及OBU貿易融資以及進出口業務、強化外匯指定分行效能及外匯業務電子商務功能。投資:擴大投資部位、建置最適人力配置及專業投資操作人員,妥善調度與運用短期資金。亯用卡:積極提高客戶持卡率及消費金額,發展線上收單業務,提升手續費收入。持續提升收益106年稅前淨利編列係依105年預算稅前淨利27億元,再加計成長率11%估算後,稅前盈餘為30億元。維持資金穩定及降低資金成本本行106年將致力於維持資金穩定及降低資金成本,藉由穩定資金以支應業務發展所需,並努力於存款業務量穩定之前提下增加本行存款活期比重",0,N
2895,2016,"以有效降低資金成本,進而提升獲利。調整放款結構為求穩健經營並配合主管機關政策,本行106年度授亯策略將持續以收益性佳之中小企業授亯及其周邊業務(如外匯)、亯用貸款等非列計銀行法72條之2之資金用途貸款為推展重點,且中小企業授亯基於風險控管考量,持續以不動產擔保或亯保基金保證搭配不動產二順位或徵提其他有價值擔保品等方式承作,另維持CallLoan案件之貸放用以調節不動產放款佔總放款比率,並注重客戶篩選及了解客戶實際經營狀況,以明確還款來源,降低整體授亯風險。控管資產品質106年底逾放比目標為08%以下,覆蓋率目標為1,293%以上;另外,加強控管新貸放案件品質,以減降逾期放款金額、積極催理不良債權,以增加呆帳收回並持續改善資產品質。維護BIS比率為符合主管機關規定及強化本行資本結構,並配合BASELIII時程規劃資本適足率(BIS)需逐年提升,並達到5%之水準(2019年BASELIII要求之水準)。106年度本行將持續留意放款產品比重以達最佳風險性資產配置,並透過提高獲利、適當時機辦理現金增資及發行金融次順位債券以充實自有資本,持續提升BIS比率。拓展電子金融業務隨著通訊網路與行動科技普及發達,新興科技逐漸改變支付模式與型態,銀行憑藉多元科技應用,開發數位金融服務,創造新銀行價值。爰此,本行為提升市場競爭力,106年度主要電子金融業務工作項目有:規劃「雲櫃台」,提供數位存款帳戶、小額理財等線上服務。持續強化及擴增行動APP、網路銀行等電子銀行服務項目,讓這些服務更具競爭力。推動第三方支付服務(代收代付及儲值支付服務)。擴增行動支付服務,除目前已推出之TSM行動金融卡及HCE手機亯用卡,擬規劃推出HCE行動金融卡,評估ApplePay發展性,並整合第三方支付系統,提供線上支付線下購物(O2O)之服務。",0,N
2897,2016,"展望民國一○六年,全球經濟可望緩步復甦,新興市場經濟成長動能提高,然仍需密切觀察美國升息、中國經濟持續降溫、反全球化與貿易保護主義高漲等不確定因素。本行規劃民國一○六年營運發展方向如下:打造數位化個人金融服務本行為台灣第一家以虛擬通路為主的原生數位銀行,藉由新興的數位金融科技,讓消費者可經由行動裝置享受各項便利的金融服務,並為台灣首家採用雲端客戶服務管理系統的銀行,運用大數據,有效整合資源;同時,更因數位金融的無遠弗屆,未來本行將陸續推出多項與眾不同的金融產品,佈建更完善的個金產品線,致力打造普惠金融的願景。深耕精品式企業金融業務近五年來,本行授信餘額屢創歷史新高,業務動能優於同業水平;未來本行仍將秉持「精品銀行」策略,持續深耕企業金融服務,提供客戶最佳解決方案,並藉由個人金融商品的推出,提供企業客戶更多元化的服務。整合資源發展利基型業務未來,本行將持續積極爭取政府各項專案貸款的承貸資格,同時亦持續拓展應收帳款承購(Factoring)業務",0,N
2897,2016,"結合E-Factoring系統,掌握更多往來商機,有效創造更多金流及手續費收益。同時,隨商業不動產交易復甦及高收益投資產品需求旺盛,本行亦計畫推展資產證券化商品,持續發展利基型業務。打造互利共榮的王道願景本行取名為「王道」,是取其兼容並蓄、行正道的精神,以利他帶來圓己,追求永續,不斷創新。本行於民國一○四年成立「企業社會責任委員會」後,已戮力完成超過百項企業社會責任舉措,去年首次出版的企業社會責任報告書更獲得台灣永續能源基金會「企業永續報告獎」銀獎。未來,本行將持續推動公司治理、員工照顧、客戶關係、社會參與、環境保護等各方面的專案,以永續經營為目標,實踐「成就他人,便是圓滿自我」的王道精神,與員工共好,與客戶共贏,與股東共享,與環境共生,與社會共榮。",0,N
5830,2016,"106年度營業計畫概要本行秉持「誠信、創新、親切、服務」的精神,持續推動數位金融服務,並以客戶需求為導向,落實預算執行,厚植經營實力,106年度營業計畫概要說明如下:重要營業政策配合主管機關推動金融科技發展及法規修訂,持續開發並精進電子通路服務系統,擴大各項業務交易功能之數位化。利用e化開發潛在網路銀行客層,篩選優良的目標客戶群,提供專屬優惠及服務。強化資本結構,健全資產品質,落實風險管理及公司治理,提昇中長期風險因應能力。加強員工訓練及教育,提昇行員專業職能,以因應金融科技之發展。充分投資收益性及安全性較佳之金融商品,加強餘裕資金之管理,以賺取利息收入及資本利得,提昇財務操作績效。隨時檢討改善業務規章,在簡化作業與內部控制兼顧下,進行優化作業之調整,提昇服務品質與工作效能。加強風險控管,落實合理訂價及秉持授信5P原則,維持良好的授信資產品質,並增加資本運用效率。預期營業目標主要業務營運量單位:新臺幣千元;%主要業務項目106年預算數105年決算數增加量金額%存款平均餘額140,000,000135,257",0,N
5830,2016,"7334,742,26751114,000,000109,282,1504,717,850理財業務4,752,2104,557,718194,49227放款平均餘額32預期達成目標開創最適的經營模式提昇整體競爭力,以因應外部競爭及法規環境變化,並為本行創造最佳獲利。針對客戶各階段之金融需求,規劃提供企業有關投資、理財等客製化之金融商品為目標。繼續推動中小企業授信,貼近客戶需求,擴大客戶基礎與經濟規模,提昇本行法人授信之市佔率。調整國內營運通路,深耕國內市場,並強化實體通路與電子通路之虛實整合,提昇獲利動能及擴大營運規模。持續強化業務人員之行銷能力與專業素質。持續增納國內外基金商品,並協助結合財富管理業務提昇基金及信託理財商品之營運規模。提昇活期性存款比重,降低資金成本,驅動獲利動能。",0,N
5835,2016,"106年度營業計劃概要█106年度經營方針消費金融業務:落實客群導向之經營模式,運用資料探勘發掘潛在目標客群,鎖定目標客群提供專屬產品與服務,精準進行廣宣投放,另強化客戶整體經營與授信資產結構,創造本行競爭優勢及提高客戶後續經營效能,並整合虛實通路規劃,營造全存款戶多通路優質體驗環境,提供完整服務歷程,提升客戶好感度與往來貢獻度;亦積極發展數位金流服務,增加線上收付服務、拓展收付應用場景、提升客戶使用便利性,以提升帳戶使用率及增升活存餘額。自動化通路業務:落實以客戶為中心之經營,依客戶需求整合金融服務並導入自助服務,延展服務範圍及時效,營造優質客戶體驗。信用卡業務:掌握行動支付大規模成長契機,推動ApplePay等手機信用卡綁定;透過策略聯盟,發展創新金流服務及多元支付模式,藉由智能化及行動化服務平台,鏈結商戶與消費者往來;優化產品與客群結構,深化卡戶經營並累積交易數據,提升經營效益。財富管理業務:依循「活化資產、刻意經營」之策略,以專業理財諮詢,提供資產配置服務,協助客戶建立核心資產與實現投資目標,進而創造本行財管與客戶之共贏價值。信託業務:因應高資產客戶年齡層趨高,面臨財富世代傳承議題,將利用遺囑信託、公益信託、股權或不動產信託等全方位服務,搭配各項理財商品,依客戶實際需求量身訂作相關信託規劃,形塑本行財管差異化專業服務及形象。企金業務:依據地域及產業特性、客戶營業規模進行客戶分流作業,明確劃分各營業單位目標客群及優先開發業務項目,策略性地深化企金客戶黏稠度及貢獻度;同時優化轉介機制,鼓勵跨單位的業務合作開發,建立正向合作意願。外匯業務:加強流動性管理服務,優化外匯交易平台,協助客戶提升資金運用效率,強化海內外外匯產品完整性,深化客戶與本行往來關係,以提升本行外匯業務國際市場競爭力,創造本行收益。開發多樣化同業合作業務,強化海內外外匯產品完整性",1,Y
5835,2016,"提升本行外匯業務國際市場競爭力。數位銀行業務:客群導向經營數位族群,打造最佳客戶體驗,成為客戶依賴的全方位通路。金融行銷業務:建置完善商品規劃平台,透過銷售前、中、後風險點控管分工機制以妥善制定內部規範;並積極拓展產品線及通路範圍,以強化商品多樣性及適配性服務。私人銀行業務:擴大事業處整體營運規模及效益、持續優化香港私人財富管理平台、評估事業處第二海外據點方案、整合集團資源提供客戶個人/家族全方位需求。海外業務:整合運用本行海內外資源,持續建構各項基礎建設,並完善海外管理架構及模式;善用集團優勢發揮營運綜效,依海外發展策略建構完整且優質之區域性金融服務平台。█預期營業目標與其依據106年度營業目標單位:新臺幣億元主要項目目標存款20,867放款(含信用卡循環信用)14,255信用卡603萬卡目標依據本行預算編製之原則,乃是將全行整體資金作最佳之分配與規劃,據此,本行於每年年底以前,針對來年之市場概況、景氣波動及利率走勢等加以評估,研擬出各項業務重點,同時參照以前年度之產品獲利能力,及可能發展空間等,進行各項假設,決定次年度之業務成長目標及利率等,並依各項業務之成長,進行費用、呆帳提列等之審核。█重要經營政策展望106年,面對市場快速變化、產業激烈競爭的挑戰,本行仍將秉持穩健經營之原則,持續強化財務結構及最適化資本配置;同時,建立以客戶需求為導向的發展策略與價值主張,強化客戶與本行往來黏度,以達成獲利目標。為提升區域能見度,本行積極拓展大中華及東協地區,並落實在地化經營,強化總行對於海外業務協助,完善海外業務管理架構及營運模式;依區域客戶需求,提供與國際接軌的優質服務。另因應數位金融時代的來臨,持續開發新型態之金融商品與服務,透過有效的虛實通路整合,提升客戶數位化體驗,並透過完整培訓計畫與教育訓練,培養人員專業素養,以強化競爭力,朝「佈局亞太、挑戰高峰」之願景邁進。",1,Y
5836,2016,"一○六年營業計畫展望一○六年,依據國際預測機構如世界銀行、環球透視與國際貨幣基金組織所公布之更新數據觀察,全球經濟與貿易成長率皆較前一年為高,顯示全球經濟微幅改善。台灣是以出口為導向的經濟體,與歐美景氣連動大,近期美國與歐元區經濟持續微幅調升、中國經濟維持穩定,雖然整體全球經濟與貿易成長呈現復甦趨勢,但仍有部分不確定的政策因素影響國、內外景氣,也對於全年經濟情勢將投入更多不確定變數。行政院主計處一○六年二月十五日發布預估一○六年經濟成長率為92%,較一○五年度經濟成長率50%成長。在金融服務產業數位化與行動化快速發展環境上,積極發展新世代之網路銀行及行動銀行,以更貼近客戶的數位生活與新型態金融消費行為,滿足客戶多面向需求,打造更便利的服務平台。此外創新能力亦將是企業持續成長的重要元素,本行結合金控「創新科技辦公室」資源,積極進行各項數位金融的跨業整合,希望藉由策略合作之技術移轉與創新推動,實現“資料即資產,並最大化其價值”。未來依然秉持以客戶為中心的經營理念,建立更主動、積極服務的企業文化,致力成為客戶心目中最值得信賴的銀行。在面臨充滿不確定性的金融情勢下,長期重視之風險管理仍是重點工作。藉由法人金融與個人金融業務團隊合作,期在業務經營綜效與客戶服務皆能予以提升,並提供具競爭力且符合客戶需求的產品,主要的營運策略說明如下:一○六年度業務發展之營業計畫如下:法人金融業務:擴大資產成長,優化資產組合:持續鎖定滲透目標客群,強化與客戶往來深度;積極擴大高孳息資產,提升收益貢獻。提升營運規模,增進收益報酬:掌握升息契機,提升資產組合報酬,密切注意資本市場籌資趨勢動向,促進報酬提升。加強海外拓展,延伸經營觸角:連結台商客戶海外關係,整合服務境內外需求;善用海外據點通路,開發區域市場新客群。嚴守法規要求,密切監控風險:強化產業風險監控,嚴謹挑選目標客戶",2,Y
5836,2016,"提高風險掌握深度,並嚴格控管營運相關風險。以人為本,培育永續發展軟實力:因應業務拓展之需,持續招募優質人力及培訓海外發展所需人力,建置優質人才庫,強化行銷團隊的質與量。個人金融業務:落實分行平台化策略,發揮在地經營之分行價值為落實分行平台化經營策略,全面推廣財管、消金及加強轉介跨售,發揮就近服務、在地經營之分行價值。本行積極擴展台北市以外分行佈建,落實覓點搬遷計畫,並因應數位化趨勢及提供客戶更佳的服務環境,進行全台分行改裝。新一代分行的硬體環境規劃搭配流程簡化與系統提升,除可提升企業品牌形象,更可讓客戶感受到優質與便利的服務。善用客戶資訊,推動精準行銷提供全資產理財規劃,針對理財、一般客戶及中小企業客群進行更細緻的區分,推薦客戶適合之商品,加上應用內外部大數據分析,更明確掌握客戶需求,推廣客製化服務,達到個人化精準行銷。深耕數位平台客戶,提升外部獲客能力數位化主要策略是以客戶體驗為中心,發展符合客戶需要的介面,再進行虛實跨通路整合,以提供客戶無縫接軌的操作體驗。2017年起更將著重於「數位平台整合與串連」及「持續優化服務流程」的發展方向,持續建置、優化與推廣各類平台,並加強社群媒體與數位行銷,提升外部獲客能力。強化風險控管能力個金授信資產品質多年以來一直於同業中名列前茅,未來更將致力於開發個金歸戶行為評分卡,建置房屋價格管理查詢系統,落實跨分行交叉自行查核,建立投保商品非常態交易控管及檢核機制,並加強個別高風險案件之貸後管理,進一步減少呆帳發生率。建立有溫度的服務文化積極完善個金服務訓練藍圖,確保各職務人員基本服務到位,並全面推動有溫度的服務文化及內部服務滿意度調查,提升內部服務品質及確保業務流程順暢。",2,Y
5838,2016,"106年度營業計畫概要本行106年策略特色為將強化資本結構,落實內稽內控,並持續追求獲利成長。除持續穩固擴展利息收入外,將積極提升財務操作收益及手續費,並塑造年輕化的品牌形象,加強整合性行銷綜效。海外發展方面,繼續尋求於亞太地區佈點,發揮既有海外營業據點效益",2,Y
5838,2016,"並朝當地利基市場發展。此外,因應數位化金融時代,將強化自身的數位基礎建設,調整實體通路據點及經營型態,導入異業結盟模式,及發展大數據資料分析及金融科技(FinTech)新創投資事業,以掌握數位金融及物聯網經濟的相關商機。",2,Y
5843,2016,"  106年度營業計畫概要               經營方針建置全面之洗錢防制機制、落實法令遵循,形塑遵法之企業文化。全面檢視海外據點之經營現況,並強化管理機制。鞏固企金業務之經營利基,維持市場優勢地位。順應數位金融發展趨勢,加速推動業務創新轉型。發揮國際金融專業優勢,提升財務操作績效。穩健推展財富管理業務,增裕手續費收入。建置完善之風險控管機制,以取得短期績效與長期穩定獲利間之平衡。         重要經營政策全面推動有關洗錢防制/反資恐及美國BSA/OFAC相關規範之教育訓練,並配合修訂績效考評辦法,以形塑全員遵法之企業文化。強化海外分行管理架構,即時掌握分行營運動態與當地監理機關要求,據以擬訂業務推展策略與追蹤控管機制,俾提供海外營業單位適時之支援協助,並提升總處監督管理效能。積極配合政府打造「數位國家、創新經濟」之政策方向,以本行金融專業協助亞洲矽谷、生技醫療、綠能科技、智慧機械、國防航太,以及新農業、循環經濟等「五加二」產業之發展",2,Y
5843,2016,"強化整體產業競爭力。密切掌握金融科技之發展,持續進行通訊技術應用於金融之研發及創新,強化本行數位金融服務能力。持續增加高品質債券投資部位,創造穩定之固定收益;另藉擴充高流動性資產,符合主管機關對LCR之監管要求。利用本行外匯及OBU業務領先之優勢,開發各幣別多元理財商品,滿足各族群之理財需求,並提升高資產客戶開發率,建立本行財富管理業務之差異性。         預期營業目標經審度國內外經濟成長、物價、對外貿易變動情形及全行營運策略後,訂定106年預期營業目標如下:        項目存款營運量(新臺幣佰萬元)放款營運量(新臺幣佰萬元)外匯承做數(美金佰萬元)106年度預算數2,278,4001,780,500808,100",2,Y
5844,2016,"106年度營業計畫概要綜合考量106年外在經營環境趨勢及本行SWOT分析,本行將憑藉漸趨完整之區域服務網絡及電子金流平台等厚實基礎,積極因應趨勢、迎向挑戰。特訂定「轉型引領‧攜手第e」作為106年本行經營策略主軸,除延續105年「整合轉型」之策略思維,並進一步擴大至「數位、服務、行銷、人才」等營運模式的全面轉型,期在轉型的過程中,不僅經營績效領先同業",1,Y
5844,2016,"內控管理、法令遵循及資安維護等,也能成為引領業界的績優銀行;並藉由「攜手第e」,持續突顯本行積極運用新興金融科技,提升銀行服務「深度」及「廣度」的決心。同時,期許全行經由「深化客群多元價值」、「開創營運數位轉型」、「推升海外經營規模」、「精進治理提升內控」、「共創幸福標竿企業」等策略方針,發揮本行經營第一佳績,持續貫徹「區域型銀行、利基型銀行、數位型銀行、幸福銀行」的經營願景。",1,Y
5850,2016,"106年營業計劃概要經營方針暨預期營業目標106年持續以「創新、成長、深耕、風控」為策略主軸,並擬訂四大重要經營政策。重要經營政策依據本行「創新、成長、深耕、風控」之策略主軸,擬訂重要經營政策及業務方向如下:策略主軸重要經營政策及業務方向創新以數位化做業務廣度創新、作業流程創新SmartBanking行動裝置建立業務人員行動助理提升生產力推展行動銀行及行動支付成長客戶數成長、資產規模成長全力發展中小企業、擴大放款規模、市場占有率提升人員專業能力、生產力擴大保管業務規模",2,Y
5850,2016,"發展現金管理深耕原有客戶深耕、事業線交叉銷售深耕在地關係,發展區域特色提升中央廚房研究推薦能力提供財務顧問式金融服務提高產品滲透率風控市場波動管理、內部作業管理全面重新檢視SOP提升徵審效能加強授信期中維護",2,Y
5854,2016,"106年度營業計畫概要經營方針及經營政策強化授信資產品質,提升資本運用效益深耕工業區、推展具有實質交易之供應鏈融資業務,搭配「企金撥貸e指通」優化貸放流程,同時活化已准未放額度,深耕僅承作一筆中長期放款企業戶,爭取新授信業務往來,結合金流以提高活存比率,進而整體行銷各項業務。重視風險性資產配置,善用信用保證基金保證機制,對送保案件採取利率差別定價措施;加強徵審作業,落實貸後管理,維護資產品質;積極清理逾放,降低逾放比率,邁向優質銀行之列。擴大個人理財及消費性貸款等收益較高之業務,強化房貸壽險滲透率,提升房貸附加價值,掌握人口高齡化發展,持續優化與推展以房養老商品。精進理財強化投資,增裕多元收益來源順應市場需求,豐富海外債券、ETF、股票等各類基金及保險商品,提供客戶一次購足的服務;推展理財聚焦專案,針對重點客戶採分群、分級管理方式深耕,量身訂作整合性之財務規劃,以擴大資產管理規模,提高手收比重,多元收益來源。掌握銀髮族的銀色金融商機,以年金、醫療及長照為主軸,引進各類理財及保險商品,結合信託服務,協助客戶打造經濟穩定、賦閒無憂生活。結合證券與人壽等子公司資源,強化集團業務整合行銷,發揮櫃台、AO人員協銷轉介能力,拓展理財客戶,深化客我關係、共創雙贏。整合虛實通路服務,打造便捷數位環境掌握科技發展趨勢,創新數位金融商品;優化網銀與行動網銀功能,打造數位金融環境,提高虛擬通路占比;發揮企業金融優勢,吸攬企業使用電金服務,以本行為資金中心,擴大數位業務客群。加速實體分行自動化,建置數位服務專區,整合虛實通路與資源,簡化操作介面與流程,創造更佳客戶體驗;推動徵授信流程電子化,以線上傳遞取代人工作業,減少紙張浪費,提升徵審效率。重視金融科技專利申請,投資金融科技相關事業,並與醫療院所、產壽險或P2P公司等異業結盟,引進創新能量,打造數位商機。推動金融服務創新,擴大營運產出績效順應金融數位潮流,以客戶導向為思考,結合實體分行、數位金融及客服中心等功能,發揮通路整合行銷效能,提供多元商品與便捷服務,提升客戶價值,增進產出績效。精進大數據蒐集與分析,善用客戶關係管理系統(CRM)及整合行銷平台(IMC),擬訂主題式商品與行銷專案分眾經營,俾利精準行銷,提升銷售成功率與客戶黏著度。因應第三方支付、境外Inbound及Outbound等商業模式,以及電商平台發展趨勢,賡續強化支付功能,搶攻網路商機,拓展網路與跨境特店;提供多元便利之企業收付款及自償性交易融資平台,掌握客戶金流,擴大經營利基。掌握新南向拓商機,布局亞太金融版圖響應政府新南向政策,作為台商有力後盾",1,Y
5854,2016,"關注市場准入機會,挖掘東協經濟體商機,賡續強化海外布局,串聯亞太金融據點,建構完整金融網絡,邁向區域性優質銀行。迎接區域經貿整合趨勢,藉由國內、外單位業務雙向支援措施,跨地域、跨時區提供客戶優質金融服務。延伸企金與中小企業融資優勢,強化海外單位營運效能,推動在地經營深耕,參與當地經濟發展,積極提高自貸比率,開拓海外(含OBU)財富管理業務需求,擴增境外收益來源。落實內控強化法遵,健全資安風險管理檢討各項業務作業流程,確保符合內控牽制原則,強化營業單位管理與監控,避免內控疏失事件發生;建立法規異動追蹤控管機制,確保作業及規章符合法規並適時更新;舉辦法遵人員教育訓練,提升法規認知與遵循能力,落實保護個資與防制洗錢,健全銀行業務經營。持續強健資訊安全防護架構,委託專業機構檢視資安威脅與弱點,完備資訊系統安全防護能力;建立預防性偵測機制,提供即時交易監控,避免非法金融行為發生,輔以資安日誌事件分析管理系統,發現潛在資安威脅,提升資安示警功能。賡續建置及維護各類信用風險評等模型,增進風險管理效能;定期檢視及監控作業風險關鍵指標,偵測維護作業安全;建置財務交易整合系統,強化中台部位監控及限額管理,提升市場風險即時控管機能。培育金融專業人才,確保永續競爭優勢進行員工職能重新定位,依據適性測驗分析,訂立合適發展目標,協助員工提升核心能力;完善人資e化系統,實施人力盤點,優化員工結構,調整人力配置,加強人員再訓練,活化人力資源,提升營運效能。舉辦徵授信業務講習與AO人員教育訓練,提升授信人員徵審能力,有效降低授信風險,強化整合行銷能力,擴增客戶貢獻度。培育數位、國際金融人才,循內部訓練、異業引進、國內與國際金融中心培訓等管道,養成具金融專業與科技運用之雙核心技能人才;擴充海外人員資料庫,提升國際視野、市場開發及商品創新之能力,以掌握亞洲區域發展趨勢。協助產業發展創新,實踐企業社會責任支持政府發展新創重點產業,賡續扶植中小企業與青年創業,提供相關融資服務,共同創造就業機會;辦理融資參採赤道原則,實踐綠色金融,支持低耗能低污染行業,限制高污染高耗能產業融資。積極參與社會住宅貸款,持續推展安養信託與保險金信託業務,優化居住環境,完善照護機制,提升社會安定力量。持續培育桌球、棒球及羽球優秀選手,推展各項體育活動及舉辦寒暑假育樂營,響應政府推行全民運動政策;積極參與公益活動,關懷偏鄉學童及弱勢團體,落實「取之社會、用之社會」理念,善盡企業社會責任。預期營業目標本行參酌105年度各項業務成長情形及106年度業務推展政策,訂定預期營業目標如下:存款業務營運量:新臺幣26,400億元(不含同業存款)。放款業務營運量:新臺幣20,930億元。外匯業務營運量:美金1,120億元。",1,Y
5857,2016,"106年度營業計畫概要經營方針與重要經營政策持續提升資產品質,擴大資本規模,降低營運風險,發揮組織效益,提升資訊服務效能,以強化本行經營體質。配合金融政策,持續擴大經營範疇,發展多核心利基業務,提升經營綜效。擴大存放款利差,提高利息收益,拓展手續費收益相關業務,增進投資收益,強化自有財產運用效益,並激勵行員主動行銷,提升獲利水準。順應金融數位化潮流,推動數位金融,整合虛實服務通路",0,N
5857,2016,"以客戶導向為思考,提供優質數位服務,增進顧客體驗,深耕客戶關係,運用大數據分析,建立數位金融創新思維。掌握國際金融業務商機,建構全球企業金融服務網,提升海外經營績效。培育專業人才,重視客戶權益保護,強化公司治理,善盡企業社會責任。預期營業目標本(1年度主要營運項目,係依主管機關核定之事業計畫,參酌前(1年度業務實績、目前業務推行實況並預測未來發展趨勢擬定如下:存款營運量:新臺幣2兆1,100億元放款營運量:新臺幣1兆8,800億元外匯業務量:700億美元稅前淨利:新臺幣88億8,465萬元※以上存款、放款業務係累計平均餘額、外匯業務係承作量、稅前淨利係累計數。",0,N
5858,2016,"106年度營業計畫概要經營方針與重要經營政策為體現企業之價值與信念,本行將依循5P經營方針,分別是「People-centered」以人為本、「Portfolio-sound」健全資產品質、「Performance-driven」績效成果驅動、「Prospection-oriented」前瞻服務導向、「Principle-based」恪守金融普世價值與原則,並訂定下列經營政策,以達永續發展及穩健經營之目標:賡續配合政府政策,扶助產業發展及擴大服務範疇,並提升整體經營績效。強化本行行員訓練所功能,提供跨領域、跨空間、跨時間的多元學習環境,以提升行員專業度。優化授信結構,強化信用、市場、作業、法律等風險管理,衡平考量風險與收益。藉由金控子公司間資源整合,建構多元化金融商品銷售平台,提供全方位金融商品及服務",0,N
5858,2016,"發揮集團資源運用綜效,提升營運量能。以客戶需求為出發點,開發並提供具前瞻性、加值性、實用性、可永續提供的金融服務。重視內控、內稽、法遵及風管,強化法令遵循及風險管理制度,健全防制洗錢與打擊資恐機制,樹立良好法令遵循文化。預期營業目標本(1年度營業計畫目標,係參酌過往業務成長軌跡,衡量市場趨勢及未來業務發展動能後審慎擬訂,業經主管機關財政部核定如下:存款營運量:新臺幣34,942億元。放款營運量:新臺幣22,900億元。外匯業務量:美金3,423億元。稅前盈餘:新臺幣77億元。",0,N
5862,2016,"106年度營業計畫概要<詳營運概況業務內容本年度經營計畫>存款餘額:2,133億元,其中臺幣存款為1,970億元、外幣存款為163億元。放款餘額:1",0,N
5862,2016,"578億元,其中臺幣放款為1,482億元、外幣放款為96億元。稅前損益:01億元。",0,N
5876,2016,"106年度營業計畫概要經營方針106年本行因應外部環境之挑戰與發展契機,審慎擬定經營方針,以「智慧創新,積極務實」為策略主軸,加強虛實整合,結合智慧生活,創新產品服務,穩健推展業務,做實事求實效,落實目標管理,提升營運效益。預期營業目標與其依據本行根據經濟成長預測與市場競爭狀況,並參酌105年各項業務成長情形及106年度業務經營策略,訂定106年預期之主要營業目標如下:存款業務(年平均數):新台幣8,504億元。放款業務(年平均數):新台幣6,131億元。外匯業務(年承做量):美金1,579億元。重要之經營政策基本政策:秉持誠信穩健經營,健康均衡永續發展",0,N
5876,2016,"創造良好經營績效。業務政策:以企業金融為核心業務,發揮競爭優勢,兼顧個人房貸、財富管理及財務行銷業務,增進營收來源多元化,強化數位金融業務,擴大活期性存款規模,提高成本競爭力。銷售政策:落實前台轉型變革,四線客戶關係經理共享客戶資源,聯合深耕核心價值客戶,提供完整金融服務解決方案,提高網路銀行及行動銀行覆蓋率與滲透率。管理政策:落實內部控制與法令遵循,精進風險管理能力,發揮早期預警作用,培育員工核心職能,強化後勤支援,提高經營管理效能。",0,N
2801,2017,"107年度營業計畫概要經營方針及重要之經營政策存款業務:依市場趨勢加強推展主要外幣如美元、人民幣、歐元及日圓等存款業務,擴大外幣存款資金池;積極規劃數位金融服務,滿足客戶現金E化管理。授信業務:提升中小企業放款承作比重,提供多元整合服務;掌握新南向商機,推展跨境金融服務。投資業務:提供多元化金融商品,協助企業財務操作,擴展金融商品銷售。壹56外匯業務:配合跨境人民幣貿易結算匯款業務,加強對臺商服務。證券經紀業務:提升證券電子下單市占率,積極開拓證券市場;輔導營業單位開發承銷客戶商機。信託業務:推動不動產信託、不動產買賣價金信託、高齡者安養信託及身心障礙者信託等業務。財富管理業務:強化財富管理客群經營,發展多元理財商品。保險代理業務:加強推動分期繳長年期保險業務;就不同目標客群,引進創新壽險商品;推展網路投保及行動投保業務。卡片業務:落實客群區隔,進行分眾行銷;擴大發卡規模,強化卡友忠誠,提升動卡意願。電子商務∕網路銀行業務:運用AI人工智慧、智能機器人系統及生物辨識技術,提供客戶金融交易新體驗。預期營業目標存款營運量:1,701,123,371仟元。放款營運量:1",3,Y
2801,2017,"407,412,957仟元。投資業務(有價證券):352,907,370仟元。買賣外匯業務:137,588,884仟美元。證券經紀業務:90,900,000仟元。信託基金申購:48,861,000仟元。信託業務(保管):146,955,000仟元。保代業務:23,000,000仟元。卡片業務(刷卡量):17,000,000仟元。",3,Y
2809,2017,"107年度營業計劃概要經營方針及重要經營政策在地經營人才傳承提升品質重視風控數位金融創造商機簡化流程提升效率調整結構強化獲利預期營業目標本行107年度各項預期營業目標如下:台幣存款年度均值外幣存款年度均值台外幣放款年度均值1,657億元173億元1",1,Y
2809,2017,437億元,1,Y
2834,2017,"107年度(11-1營業計畫—一—經營方針及重要經營政策依循政府政策推動相關業務發揮中小企業專業銀行特色融資與輔導並重,鞏固專業銀行獨特地位。推動都更金融、綠能金融、銀髮金融、文創金融。投資設立創業投資公司,以扶植文創及新創產業,提升本行競爭力與價值。提升資訊系統暨資安防禦能力,並推廣普惠金融強化IT基礎建設,增進資訊系統整體效能,並厚植資訊根基。客製化電子金流服務,支持各項業務之發展。強化獲利能力與風險控管在兼顧風險與收益前提下,深耕中小企業核心業務,增長獲利基礎。加強海外通路管理,分散獲利來源。強化授信風險控管及貸後管理品質。推行法遵文化",2,Y
2834,2017,"落實內部控制三道防線加強防制洗錢及打擊資恐之管理。微調內部組織,以符合金管會監理要求。強化海外分行管理機制。重視員工職能訓練及工作經驗傳承加強培訓各項人才,落實現職員工轉型計劃。活化組織能量及優化人力資源。善盡社會責任,彰顯優良企業形象強化公司治理,提升企業正面形象。落實社會關懷,善盡社會責任。—二—預期營業目標為兼顧股東權益維護、資本結構改善及資產品質提升,參酌行政院主計處公佈107年經濟成長率預測值等因素編列目標。存款年平均餘額新台幣13,593億元。放款年平均餘額新台幣11,142億元。外匯承作量704億美元。",2,Y
2836,2017,"107年度營業計畫概要經營方針與重要經營政策放款—積極拓展利基型授信及增加利息及手續費收入:提高中小企業放款比重,充分支持在地產業,並增加聯貸案質量,提高利息收入。配合市政政策,辦理政策性放款。拓展外幣放款營運量,增加收益。存款—降低台、外幣資金成本:賡續舉辦台、外幣活期性存款競賽,增加活期性存款。賡續辦理外幣優利定存專案活動,穩定外幣存款來源。非利息收入—增加無耗用資本之收益比重:以基金及保險手續費收入為財富管理收入雙引擎。加強財務操作,提高國內外股票、基金及債券之資本利得。配合國際聯貸業務成長,增加手續費收入。國際金融業務—掌握境外業務發展,提高國際金融業務獲利占比:兼顧投資安全性、流動性及收益性下,加強OBU外幣有價證券投資,提高淨利息收入及處分利益。妥善控管大陸曝險,爭取優質授信,並擴大放款利率加碼。積極發展數位金融—優化線上服務、擴增數位金融服務內容、結合異業延伸行動金融:持續提升網路銀行功能,提高非臨櫃交易比重。與異業合作新支付型態,延伸行動金融服務觸角。組織改造:財務管理處更名為「金融市場營運處」。業務管理處會計科獨立升格並更名為「財務會計處」。研究發展處併入業務管理處業務推展科之業務",2,Y
2836,2017,"更名為「營運管理處」。賡續調整高雄地區分行,遷往外縣市營業,以提升整體營運績效。強化法令遵循、落實防制洗錢及打擊資恐—責成專責單位提升監控執行效能與落實作業:參考主管機關金融檢查重點及本國銀行主要檢查缺失,持續擬訂完善法令遵循執行計畫,提升法令遵循執行效能。落實執行最新防制洗錢及打擊資恐法令等相關規範,並適時修訂本行相關作業規定。建置法令宣導與遵循訓練之e化線上訓練及測驗系統,強化從業人員法令遵循相關訓練,提高從業人員遵法意識,建構全行法遵文化。內部控制—兼顧風險控制與作業效能:各業務主管單位,加強對分行的業務協助與督導,以強化第二道防線功能。繼續強化三道防線機制,落實自行查核,防範弊端,並持續實施一般查核會後檢討機制,以強化內部控制制度及簡化作業程序。預期營業目標存款平均餘額:新台幣2,258億元。放款平均餘額:新台幣1,800億元。外匯業務承作量:58億美元。手續費收入:新台幣82億元。",2,Y
2837,2017,"展望107年,在全球景氣持續回溫基礎下,仍可支撐台灣經濟成長動力,有助於本行在符合風險管理基礎下推動業務的穩健成長。另因應主管機關政策推動,將防制洗錢與打擊資恐、提升資訊安全、推動各項行動支付、協助綠能產業、中小企業與新創重點產業取得營運資金以及維護消費者權益作為政策重點;另一方面",0,N
2837,2017,"本行將透過設立海外分支據點及參股大陸消費金融公司,滿足客戶於大中華業務需求,及擴大本行在消費金融業務的利基,逐步增加本行國際化的發展成果。",0,N
2838,2017,"107年度營業計畫經營方針與重要經營政策:存款業務:因應電子支付潮流,強化VISA金融卡及帳戶功能(開辦「悠遊卡A/CLINK」、「ApplePayDebitCard」等業務),以提供存戶全方位之支付工具;強化ATM功能(開辦「ATM跨行存款」、「一卡通票證儲值功能」),以提供客戶多元化服務;持續舉辦VISA金融卡刷卡行銷活動,以提升客戶黏著度及活期性存款;針對目標客群規劃存款活動專案,以加強吸收活期性存款及拓展新客源。企金及外匯業務:積極拓展MIT企業,加強拜訪既有授信戶,透過客戶介紹其上下游廠商,增加拓展業務機會,並經常至分行鄰近工業區及廠(商)辦拜訪客戶或所屬工業區管理處,爭取授信往來;持續加強拓展工商企業貸款,優先承作具自償性之貸款及以生產事業為對象,並透過信保基金及徵取優質擔保品,增加債權保障;加強承作優質股票貸款;開發外匯業務客源,拓展進出口及匯兌業務以提升外匯利基及市佔率。消金業務:穩健推展房貸授信業務,慎選自住型且具資歷及還款能力之客戶為主要對象;提高中古車購車貸款及原車貸款承作量,調整貸款種類比例,藉以提高平均貸放利率,增加盈餘;持續增加理貸專責AO人數及業務中心據點,聚焦及深耕優質客戶;持續推廣理貸業務行銷產品,並訂定策略性產品全面行銷。信用卡業務:增加規劃以年輕族群卡片為主軸之卡片,開拓年輕之新客群,提升申辦量、動卡率及市場占有率;持續數位信用卡商品之衍生應用及推廣,加強數位通路廣宣,吸引新世代消費者申辦;維持多元通路推廣,如聯名卡公司通路、員工推廣及增加網路申辦占比,提高市場佔有率;持續維護及強化頂級卡功能吸引高消費之客群申辦,提高動卡率;提高新客戶電子帳單申辦率,以降低實體帳單成本;積極於虛擬通路規劃聯邦日活動;新刷卡通路合作提升動卡次數、簽帳金額及有效卡率;擴大卡友小額信貸量",0,N
2838,2017,"控制風險,增加營收。財富管理、保險代理及信託業務:提升財富管理業務理財商品銷量;深耕客戶關係,加強有效客戶之開發;結合大數據分析並與保險公司合作,依各類保險商品分析目標客群及成交因子,提升銷售效率;因應美元升息氣息濃厚,且美元保單與台幣保單有顯著利差,加強銷售美元保單,創造保險手收。數位金融業務:持續整合優化行動銀行服務,建置本行數位虛擬銀行,結合晶片卡、QRCode、LINE應用、便利商店通路等金流相關服務,規劃跨裝置、跨平台的數位金融應用,同時依循科技技術演進,投入相關人力於人工智慧、區塊鏈技術、生物辨識等新種金融服務研究;提昇數位虛擬銀行APP(含數位存款帳戶)之申請、使用人數;提供符合安控、穩定、具可擴充性的現代化客戶服務系統。證券金融業務:深耕法人客群的開發與經營,提升開戶數及業績量;加強推廣電子下單業務,提升電子交易比重。通路拓展:本行國內共有90家營業據點,且為拓展海外經營版圖及擴大營運碁磐,本行已獲金管會核准前往香港地區申設香港分行,將可因應市場國際化潮流。為提供客戶更便捷的服務,本行近年積極拓展行外ATM,希藉由通路之延伸,提昇本行品牌形象及知名度,106年底全行已設置行內外ATM共916台。本行107年度預計營運目標業務項目107年目標存款業務(含外幣)年底平均餘額新臺幣4,968億元放款業務(不含信用卡業務)年底平均餘額新臺幣3,527億元外匯業務年度承作量為34億美元營業績效相關指標提升:包括逾放比低於同業平均水準,及因應BASEL3規定,維持資本水準以提前符合108年各項資本比率標準,並維持穩定資金來源及高品質流動資產以符合淨穩定資金比率(NSFR)及流動性覆蓋比率(LCR)標準。",0,N
2845,2017,"107年度營業計劃概要預期營業目標本行107年度重要營業目標如下:總資產:6,191億元。存款總額:5,081億元。放款總額:3,781億元。經營方針與重要經營政策個人金融業務:塑造樂活財富管理品牌形象,建構新一代財富管理服務,打造獲利新動能。運用Fintech升級財富管理系統,發展深度KYC尊榮專案搶攻高端客戶。導入AI智能理財提升多元資產配置效率,結合集團優惠提供專屬禮遇,成為個人、家庭會員及中小企業主投資理財的最佳夥伴。持續深耕分行通路,調整分行佈點、結合分行店周資源,打造特色化分行,擴大分行資產規模,穩固經營基礎。消金及信用卡業務:消費金融方面運用金融科技,持續優化e&M功能,整合虛實通路,擴大通路規模,提升數位通路佔比,降低成本,提高營運效能。持續應用Datamining,創造客戶需求,提供多元及客製化服務。恪守法令遵循,強化風險管理,優化資產及鞏固利基產品,維持市場領先地位。信用卡方面整合集團零售通路資源,擴大遠東快樂信用卡優惠,提升發卡及簽帳金額,維持集團優勢簽帳地位。因應行動支付市場趨勢,串聯friDay錢包及台灣pay,掌握行動支付商機。運用BigData,深化經營目標客戶,擴大簽帳經營規模。促動新舊客戶刷卡,有效提升活卡率,降低營運成本。法人金融業務:積極佈局海外市場,新設新加坡及越南辦事處,爭取在地及東南亞市場聯貸案。增資上海遠榮租賃",2,Y
2845,2017,"深耕大陸市場經營,以擴大海外資產規模及獲利佔比。發展交易金融業務,拓展存款客源,優化存款結構,維護穩健放款利差。落實主動式風險管理,嚴控資產品質。推廣二代企網銀平台及B2B2C業務,複製企業理財業務經驗,主辦國內外聯貸,提供結構型融資及客製化金融商品,創造更多高附加價值的收益。金融市場業務:鞏固外匯保證金交易市場領導地位,深耕既有客戶關係,運用社群媒體、網路等多重通路持續開發新客源。擴大投資及交易部位,提升金融商品自主設計能力,開創新獲利來源。多樣化金融商品銷售,提供多元資產配置,靈活交易策略,以提升客戶滲透率。重新定位TMU目標客層,延伸大型法金客戶及個金理財客群,拓展新客源。改善銀行存款結構,提高個人及中小企業戶存款,兼顧資產負債管理之流動性與獲利性。數位金融業務:發展務實金融科技,秉持可行的商轉技術、具體的應用場景、解決客戶痛點/斷點等三大原則,推動各項數位金融服務。擴大運用「FE跨界行動應用平台」,持續佈建行動支付基礎建設,完善行動應用生活圈。整合O2O線上/線下通路,打造全通路(OmniChannel)智能服務。重組銀行產品功能及連結社群金融,打造數位銀行新品牌。持續研發金融科技專利,營造優質的智慧金融體驗。保險代理業務:與個人金融及法人金融事業群合作,慎選優質合作保險公司夥伴,代理引進符合內外部客戶需求的保險理財商品,提供完整的風險管理、資產配置、財富傳承的服務。在集團綜效方面,提供集團關企、客戶及同仁,最適化的人身壽險及財產保險商品,推展遠傳電信行動裝置保險及亞東證券保險業務。運用數位金融科技發展,開發線上投保商機。",2,Y
2893,2017,"107年本行將以提升放款收益、降低營運資金成本、增加手續費收入、推動數位金融服務、持續拓展海外市場為策略主軸。首先,在提升放款收益方面,積極推動海外授信及聯貸,並透過FTP制度實施,強化客群貢獻管理。在降低營運資金成本方面,除控管定存利率外,亦將透過現金管理服務及推展薪轉戶提升本行活存比例,進而提升存放利差。手續費收入增加方面,為提升財富管理業務動能,將調整業務管理模式、儲備存款活水、啟動客群經營及靈活操作商品策略,以有效提升理專產能並強化理財業務深度及廣度。在信用卡業務部份",1,Y
2893,2017,"精耕頂級卡提高手收、增加收單特店為主要行動計畫。在數位金融業務部份,積極推動行動支付業務、優化網銀服務暨提升網銀交易量及執行關鍵流程數位化專案等,以擴大數位客戶數及增加數位收益;在拓展海外市場方面,將持續推動越南及緬甸辦事處升格為分行;此外,持續強化港行企金業務推展、金融市場投資及財管業務動能,以提升海外收益。為發揮金控交叉行銷綜效,亦將繼續強化與金控集團內之關係企業合作,以提升金融營運效益,加強開發各項新種金融業務,滿足不同客層之金融需求,藉以擴大經營規模暨提供更完整之全方位金融服務。",1,Y
2895,2017,"107年度營業計劃概要本行秉持「穩健、前瞻、專業、熱忱」之企業精神,為客戶提供優質金融服務。展望未來一年業務發展重點如下:擴大業務規模106年底存款餘額(臺、外幣)為3,76億元,107年預計成長至4,08億元,年均額成長約15億元,業務營運量均額為3,83億元。106年底放款餘額(臺、外幣)為2,80億元,107年預計成長至3,02億元,年均額成長約100億元,業務營運量均額為2,92億元。為持續拓展本行存、放款業務規模,107年度將參考同業各縣市分行存放款規模訂定最低標準及推進時程,以致力於通路規模經濟效益之創造與提升。並以微笑服務精神,落實客戶外訪、在地深耕等策略,全面提升客戶滿意度並擴大客源基礎。創造多元收入傳統商業銀行收入皆以利息收入為主要來源,為達成本行獲利目標,除持續增加存放款規模,以提升利息收入外,更規劃提升非利息收入(如理財收入、信託收入、外匯收入、投資收入、信用卡收入等)之佔比,並由相關業管部門提出發展策略:理財:持續開發新戶以及加強理財策略、專案及理財商品管理。信託:持續推展不動產信託、金錢信託外,亦積極規劃其他信託商品,以達業務均衡發展。外匯:拓展DBU及OBU貿易融資以及進出口業務、強化外匯指定分行效能及外匯業務電子商務功能。投資:擴大投資部位、建置最適人力配置及專業投資操作人員,妥善調度與運用短期資金。信用卡:積極提高客戶持卡率及消費金額,發展線上收單業務,提升手續費收入。持續提升收益107年度因考量整體環境擴大利差不易、市場競爭激烈,且手續費收入成長空間有限,因此希望以加強財務操作、車貸及二順為房貸等較高利差之產品,以獲取較高之收益",0,N
2895,2017,"107年稅前盈餘編列5億元為目標。維持資金穩定及降低資金成本本行107年將致力於維持資金穩定及降低資金成本,藉由穩定資金以支應業務發展所需,並努力於存款業務量穩定之前提下增加本行存款活期比重,以有效降低資金成本,進而提升獲利。調整放款結構為求穩健經營並配合主管機關政策,本行107年度授信策略將持續以質、利、量兼具之中小企業授信及其周邊業務(如外匯)、信用貸款等非列計銀行法72條之2之資金用途貸款為推展重點,且中小企業授信基於風險控管考量,持續以不動產擔保或信保基金保證搭配不動產二順位或徵提其他有價值擔保品等方式承作,並注重客戶篩選及了解客戶實際經營狀況,以明確還款來源,降低整體授信風險。控管資產品質107年底逾放比目標為維持在26%以下,覆蓋率目標則為維持在434%以上。另加強控管新貸放案件品質,以減降逾期放款金額;積極催理不良債權,以增加呆帳收回並持續改善資產品質。維護BIS比率為符合主管機關規定及強化本行資本結構,107年度本行將持續留意放款產品比重以達最佳風險性資產配置,並透過提高獲利、適當時機辦理現金增資及發行次順位金融債券以充實自有資本,除符合BASELIII規範外,並以同業平均為目標,持續提升BIS比率。拓展電子金融業務隨著通訊網路與行動科技普及發達,新興科技逐漸改變支付模式與型態,銀行憑藉多元科技應用,開發數位金融服務,創造新銀行價值。爰此,本行為提升市場競爭力,107年度主要電子金融業務工作項目有:持續優化個人網路銀行、企業網路銀行及iSunny購好付+APP功能等銀行服務功能及流程,提供客戶便捷的金融業務,以提升本行服務效率。建置「新一代行動網銀APP」服務,提供符合趨勢的行動網銀APP及更流暢的客戶體驗。提供台灣PayQRcode服務,客戶可使用更便捷之轉帳、收款及繳費等服務。建置「數位存款帳戶」,提供數位存款帳戶線上開戶、網銀非約定轉帳功能申請、網銀使用者代號或授權密碼重設等功能強化全行同仁對企業網路銀行觀念及服務職能,進一步提升全行對企業客戶的數位金融服務素養。",0,N
2897,2017,"本行規劃民國一○七年策略重點方向如下:持續加強數位金融優勢,提升產品競爭力展望未來,除了數位個人金融產品架構將更加完備之外,亦將持續推出以消費者需求為導向的開創性產品,並以客製化策略聯盟平台跨售商品,持續打造個金產品競爭力。創造營收利基,提升資產報酬率企金業務將秉持「精品銀行」經營策略,深耕優質客戶,加強整體資產報酬率(ROA)。首先,將透過為客戶量身訂做之結構型融資產品,創造有別於業界之差異化商品,提高客戶粘著度,增加手續費收入。此外,未來將積極爭取或參與發行國內證券化業務,增加信託收入。擴大中型企業客群範圍,拓展業務範疇本行將積極開發新客戶,擴增中型企業(MME)客戶基盤",1,Y
2897,2017,"除了延伸至上市櫃公司之外,亦將服務由貿易融資與金融行銷業務擴大到各式企業金融產品,加深產品滲透率,提供客戶更多價值。另一方面,亦將拓展本行企業客戶的薪轉商機與個人理財需求,結合個金服務與企金服務,達到綜效。落實企業社會責任,擴大正面影響力本行改制更名為王道銀行,即是取其「利他圓己」的王道精神,此與公司的永續發展理念不謀而合。過去三年投入各項企業社會責任之舉措,不僅帶領本行於去年獲得國際B型企業認證,民國一○六年出版之企業社會責任報告書更獲得台灣永續能源基金會「企業永續報告獎」金融業類金獎殊榮。未來,期盼藉由本行企業社會責任的深耕與落實,一同為環境、社會的共榮而努力。相信在全體同仁的共同努力下,本行未來的各項表現必能再創佳績,期望股東們繼續給予支持及指導。",1,Y
5830,2017,"107年度營業計畫概要本行秉持「誠信、創新、親切、服務」的精神,將法令遵循積極落實於業務管理,更致力深植於企業文化中,並以客戶需求為導向,厚植經營實力,107年度營業計畫概要說明如下:重要營業政策將法令遵循積極落實於業務管理,更要深植於企業文化中,成為持續營運的重要基石,並強化資本結構,厚植經營實力,健全資產品質,落實風險管理及公司治理,提昇中長期風險因應能力。持續優化行動網路銀行功能,以貼近客戶隨身金融需求為目標,提高客戶使用意願及滲透率。配合主管機關推動金融科技發展及法規修訂,擴大各項業務交易功能之數位化,持續開發並精進電子通路服務系統,提供更便捷及多元化的金融服務。加強風險控管,落實合理訂價及秉持授信5P原則,維持良好的授信資產品質,並增加資本運用效率。持續規劃業務行動化、電子化及無紙化,導入虛實整合服務模式,提昇服務效率。配合數位銀行Bank0發展,利用e化開發潛在網路銀行客層,篩選優良的目標客戶群,提供專屬優惠及服務。隨時檢討改善業務規章,在簡化作業與內部控制兼顧下,進行優化作業之調整,提昇服務品質與工作效能。加強員工訓練及教育",0,N
5830,2017,"提昇行員專業職能,以因應金融科技之發展。預期營業目標主要業務營運量單位:新臺幣千元;%主要業務項目107年預算數106年決算數金額增加量%存款平均餘額145,000,000140,893,4274,106,573放款平均餘額118,000,000116,265,6611,734,339理財業務914987預期達成目標積極發展數位化金融業務,簡化作業流程以降低成本,改善本行客戶結構,吸引年輕客群。持續掌握新金融商品之發展及追蹤同業開辦狀況及後續客戶維護關係,並依客戶需求適時提供研擬開辦新金融商品之可行性及風險性,期以增加業務廣度及獲利深度。持續加強與財務穩健及品牌知名度高的基金公司協同合作,提供適合客戶進行資產選擇及配置的標的,提昇客戶對本行之信賴度。降低資金成本,提昇活期性存款比重,驅動獲利動能。繼續推動中小企業授信,貼近客戶需求,擴大客戶基礎與經濟規模,提昇本行法人授信之市佔率。因應外部競爭及法規環境變化,開創最適的經營模式提昇整體競爭力,並為本行創造最佳獲利。研擬建立資料庫分析客戶往來情形,依據客戶交易習性提供更符合客戶需求的新金融商品。",0,N
5835,2017,"█107年度經營方針存匯業務:依據客戶需求,透過行銷活動提升客戶對開戶/投資/貸款/保障/財富管理的認知,搭配數位與實體通路多管道接觸客群,同時優化服務流程斷點,提供客戶便捷與即時的服務,以提升銀行收益及服務效能。消金授信業務:應用大數據打開企業商業價值,透過海量數據分析技術及多維度資料構面,認識及深化了解客戶,以提供客戶最適商品及服務,創造整體收益;除了強化實體通路之競爭性,並致力發展標準化授信產品及自動化申請流程,以達成效率化、數位化之金融服務,兼具風險管控且創造客戶最佳的申貸體驗。中小企業授信業務:為擴大全行企業戶基礎與衍生商機,新增「複雜型需求」客戶為目標客群,並開展SME轉型推廣計畫,建立SME專業團隊以提供差異化服務,同時與分行相互合作共同滿足客戶個人/企金需求,落實「專業集中」及「在地經營」的服務模式;另組建專責的徵信團隊進行全台徵信集中,以提升徵信效率與品質作為兩大強化目標,並透過中後台更往前站發揮功能角色,強化內部流程效率暨客戶體驗。財富管理業務:以多元資產配置與差異化客群經營為經營主軸,持續養成專業能力,協助客戶健康理財與實現投資目標,進而創造本行財管與客戶之共贏價值。信託業務:因應高齡化社會來臨,將結合信託與保險或其他金融產品,提供高齡者老年生活所需資金,達到財產管理及保全目的。高資產客戶多面臨財富世代傳承議題,利用子女保障信託、保險給付信託、遺產傳承信託、股權規劃信託或不動產信託,搭配各項理財商品,依客戶實際需求量身訂作相關信託規劃,形塑本行財管差異化專業服務或形象。企金授信業務:定位各區重點產業,配合系統性行銷活動在地扎根,並逐步建立集團經營制度提供全方位金融服務、強化集團風險管理;同時完整海內外人才培育制度,建立具競爭力的企金業務團隊。外匯業務:強化海內外外匯產品完整性,優化數位匯兌平台,透過虛實通路優勢整合提供多元化外匯業務服務,精進服務效能,協助客戶提升資金運用效率,並深化客戶往來黏度,以提升本行外匯業務國際市場競爭力,創造本行收益。促進貿融業務發展動能,加速通路開發客群,優化產品服務,提升客戶體驗滿意度,開發多樣化同業合作業務,強化海內外產品規範及完善產品線。信用卡業務:洞悉目標客群需求,精準提供最適產品,持續獲取高端客群,擴大全行跨售綜效,積極爭取年輕客群,豐富客群基底確保永續經營競爭力。結盟策略夥伴共同營造多元支付應用場域",1,Y
5835,2017,"以客戶體驗為核心發展生活金融服務,建立客戶與商戶共榮生態圈。藉由銀行行動支付領先優勢,嘗試擴散穿戴式裝置應用,同時發展數位信用卡產品,深化客戶黏度並鞏固銀行競爭優勢。收單業務:持續拓展重點商戶,強化金流服務,提供多元支付模式,客製化需求,提升客戶黏著度。ATM業務:擴大ATM裝設通路經營模式,深化合作關係;開發ATM獲客模式,增加客戶產品持有及使用率;打造以客戶為中心的使用體驗。PaymentHub業務:持續與各大商戶合作,藉由創新科技平台發展多元行動支付模式,豐富商戶經營場景及效益。數位銀行業務:建立完整數位通路、經營與轉型;全行協作,落實重點客群端到端經營;完善台灣企業數位服務體驗;海外企業自動化數位金融服務。金融行銷業務:建構與通路間產品銷售端到端協作機制,依客群需求提供利基商品,以爭取客戶往來,穩健發展金融交易業務,成為穩定、可持續且具專業性之業務,以提供客戶更全面之服務。私人銀行業務:擴大事業處整體營運規模及業務團隊生產力、持續優化香港私人財富管理平台、整合集團資源提供客戶全方位服務及財富傳承等協助。海外業務:促進海外分支機構穩健經營,積極掌握各區域發展動態,依據各海外市場經營環境配置最適資源,並開拓業務商機。█預期營業目標與其依據107年度營業目標單位:新臺幣億元主要項目目標存款21,636放款(含信用卡循環信用)16,181信用卡(流通卡數)617萬卡目標依據本行預算編製之原則,乃是將全行整體資金作最佳之分配與規劃,據此,本行於每年年底以前,針對來年之市場概況、景氣波動及利率走勢等加以評估,研擬出各項業務重點,同時參照以前年度之產品獲利能力,及可能發展空間等,進行各項假設,決定次年度之業務成長目標及利率等,並依各項業務之成長,進行費用、呆帳提列等之審核。█重要經營政策面對快速變化的市場及競爭激烈的挑戰,本行將繼續恪守主管機關的規範,並提升資本運用的效率;同時,深入瞭解並掌握客戶需求,透過全行資源的發揮,落實客戶差異化分群經營,並以持續強化VIP服務及深耕年輕客群為目標,提供高附加價值服務,達成本行營運目標。為邁向中長期發展的里程碑,除提升發展全行海內外應具備的專業能力,並搭配健全的管理機制,及良好的溝通平台與企業文化,讓全員充份發揮「誠信、當責、創新」的核心價值,打造轉型所需的基礎及彈性,進而實現「佈局亞太、挑戰高峰」的願景。",1,Y
5836,2017,"一○七年營業計畫展望一○七年,全球經濟預期在製造業的帶動及國際原物料商品價格能夠持續穩定下,全球貿易動能可望維持審慎樂觀。惟外在環境仍還是充滿著諸多不確定的影響變數,包括:先進經濟體貨幣政策變化,利率水準面臨上升壓力、國際金融匯率走勢與波動、部分地緣政治風險持續上升、中國大陸經濟成長減緩等,雖然受到基期較高因素影響,依據國際機構預測全球經濟仍將呈現溫和成長。台灣係以出口為導向的小型開放經濟體,受到全球經貿景氣連動影響甚鉅,在我國出口動能可望延續及政府積極推動前瞻基礎建設計畫、五加二產業創新計畫、全民稅改方案等措施,帶動民間消費與投資動能,挹注我國經濟發展能量。然而在前一年度基期墊高及預期全球貿易成長趨緩情形下,行政院主計總處於一○七年二月十三日發布預測我國一○七年經濟成長率為42%,較一○六年度經濟成長率86%略緩。一○七年本行將以「穩增長、調結構、提市佔」為營運主軸,透過虛實通路的整合佈建、數位金融與行動服務創新,以「金融即生活,生活即金融」為理念,打造無時不在、無處不在的生活化金融科技體驗為目標,並將秉持以客戶為導向的經營理念,建立更主動、積極服務的企業文化,致力成為客戶心目中最值得信賴託付的首選品牌。在藉由法人金融與個人金融業務團隊相互合作,期許在業務經營綜效與客戶服務皆能予以提升,並提供具競爭力且適合客戶需求的金融產品與服務,主要的營運策略說明如下:法人金融業務:擴大在地基盤,延伸區域發展積極滲透目標客群,協助國內成長型中小企業成長,同時開拓海外地區業務觸角,除與子行(富邦華深化合作外,期待以越南、新加坡兩地分行為東南亞業務中心,發揮跨區域連結效益,拓展並延伸國際融資業務。增加服務價值,升級客戶關係發展整合式的金融服務,以顧問式行銷團隊,提供全方位資金、財務顧問及避險服務,強力滲透潛在客戶並建立夥伴式合作關係及共享成長。嚴守法規要求,強化風險控管除了將環境、社會及公司治理(Environment、Social、Governance,簡稱ESG)納入授信業務評量指標外,另針對產業別風險嚴謹監控,以更完善的授信審查程序及貸放控管機制,精準掌握各項營運風險",1,Y
5836,2017,"確保並維護資產品質。實踐綠色永續理念,善盡企業社會責任透過金融業核心職能,建構責任投資原則與授信規範、規劃驅動友善環境與社會的創新商品,並將永續理念內化到企業營運,積極展現對社會正向領導力。累積人力資本,培育永續發展軟實力招募、培訓及拔擢優質人才,並增加海內、外人員輪調機制,提升團隊戰力。個人金融業務:落實分行平台化策略,發揮在地經營之分行價值落實分行平台化經營策略,全面推廣財管、消金、新興業務轉介跨售金融百貨,發揮就近、在地經營之分行服務價值。持續進行分行佈點優化,並因應數位化趨勢及提供客戶更佳的服務環境,進行全台新一代數位分行改裝,搭配各項軟硬體系統提升與流程簡化,除提升企業品牌形象,更讓客戶感受優質的服務與便利。運用大數據分析,滿足客戶需求,推動精準行銷透過更細緻的分群經營管理及應用大數據分析,掌握客戶需求並協助規劃客戶適合之金融產品並提供全方位資產理財與客製化的服務,達到個人化精準行銷。深耕數位通路平台,前瞻發展數位理財積極將行動支付業務融入生活場景,以串連數位平台與及優化服務流程的發展方向,建置各類創新金融交易平台。此外加強社群媒體與數位行銷,從客群、產品與通路三大維度整合發展,以創新思維開拓業務藍海,提升客戶錢包佔有率,搶攻客戶心佔率,發展成為「以客戶為先,成就客戶富貴的生活金融好幫手」。強化風險控管能力持續優化徵授信作業,建置風險決策管理系統及房屋價格管理查詢系統,配合完善交易控管機制與教育訓練,進行高風險名單專案查核,提升資產品質與效率。創新有感的服務溫度,361度心的服務秉持以客戶為中心的服務理念,藉由內部完善的服務教育訓練藍圖,以提升服務品質並貼近客戶需求,落實「361度的服務,多一度心的溫度」之獨特價值主張。",1,Y
5838,2017,"107年度營業計畫概要本行107年策略特色為深化金融科技,持續推動實體通路轉型,並爭取年輕族群往來,加強整合性行銷綜效。獲利方面,除持續穩固擴展利息及手續費收入,將靈活承作外匯交易,強化自營有價證券操作及搭配委外專業代操。海外發展方面,將強化現有海外據點經營體質,繼續尋求於亞太地區佈點,朝當地利基市場發展。此外",1,Y
5838,2017,"因應數位化金融時代,將強化自身的數位基礎建設,調整實體通路據點及經營型態,導入異業結盟模式,及發展大數據資料分析,以掌握數位金融及物聯網經濟的相關商機。以「法治、風險、科技、人才」四大方向為藍圖,強化資本結構,落實內稽內控,以建構完善經營體質。",1,Y
5844,2017,"107年度營業計畫概要考量 1 0 7年外在經營環境趨勢及本行 S W O T分析,特訂定「轉型穩進‧攜手第 e」為 1 0 7年經營策略主軸,除延續 1 0 5年「整合轉型」、 1 0 6年「轉型引領」的策略思維,並將進一步透過「人力、通路、營運及系統」等面向的前瞻性轉型規劃,達成本行對「績效、服務、治理及風控」等面向「穩進經營」的期許;同時,藉由「攜手第 e」,突顯本行持續掌握數位金融趨勢",4,Y
5844,2017,"提供客戶更為即時、精準、智慧化服務的決心。由「轉型穩進‧攜手第 e」向下延伸,訂定五大策略方針,期許全行以「開創亮點深化優勢」、「數位領航智能服務」、「全球串連在地經營」、「落實內控遵法至上」、「共創卓越幸福企業」等策略方針,持續內化整合思維,追求轉型穩健,貫徹「區域型、數位型、幸福型」銀行的經營願景。",4,Y
5854,2017,"107年度營業計畫概要經營方針及經營政策掌握金融科技商機,增進營運產出效能賡續建置數位服務專區,整合虛實通路與資源,進行全通路、跨通路與跨裝置之營銷佈局,提供客戶各項創新之數位金融服務設施,簡化操作介面與交易流程,俾於線上完成各項數位金融服務申請,減少臨櫃作業成本並給予客戶嶄新之服務體驗。因應支付工具推陳出新,整合多元電子支付工具收款服務並汰舊換新刷卡設備,以因應同業競4|2017AnnualReport爭,同時建置多元化之支付通路服務,提供客戶更優質之金流服務經驗。加強金融專利布局,致力發展FinTech技術,採分階段方式進行新型與發明型專利申請,以爭取時效及保障本行智慧財產權益,暨全面提升業務競爭力。賡續拓展優質授信,鞏固核心經營利基賡續秉持質、價並重原則擴增民營企業放款規模,加強推展中小企業及外幣放款,同時深耕舊戶,活化已准未放額度,提升授信收益。深耕工業區客群,提升本行在工業區企金業務之市占率,選定具開發潛力之工業區舉辦企業講座或餐會等相關活動,並運用OpenData積極協助營業單位爭取區內客戶與本行業務往來。篩選優質客群,加強行銷利差大之消費性貸款及小額信貸;並積極承作無自用住宅及擔保品座落地點良好之房屋貸款,持續戮力拓展房貸壽險業務,同時研訂行銷房貸壽險業務之激勵方案,期提高滲透率,增裕本行收益。引進多元豐富商品,擴大財管業務規模結合證券及人壽等子公司資源,發揮集團商品及通路整合行銷效益,強化業務合作,以期發揮綜效,拓增獲利來源。掌握市場脈動與商機,引進多元優質之創新商品,滿足客戶資產配置與全方位理財需求;持續遴選績效良好、信譽佳之投信公司爭取擔任基金之保管銀行,以增加保管基金規模及收入,並衍生活期性存款、外匯、證券、票債券RP等業務往來。打造理財信託E化金融服務,並持續精選具有特色、差異化之理財信託商品,滿足客戶多元投資理財需求,並結合大數據分析及IMC平台客戶資料,聚焦重點目標客群及規劃特色行銷專案,俾精準行銷,提高財管滲透率。有效調整資產配置,提升投資操作收益考量全行流動性需求及風險性資產限額,運用全行餘裕資金,視市況伺機建置交易部位及投資部位之公債,公司債則以本行保證及公營事業發行者為主,另外幣債持續建置流動性佳之公債及金融債,或優質之公司債,以提升金融商品操作淨收益。因應主客觀金融環境變化,靈活運用交易策略,順勢操作匯、利率及權益等各項金融商品,拓增本行獲利來源。掌握時機適時拋補外匯部位,彈性運用期差交易,有效調整資金配置,並加強外匯資金操作以增加匯差收益。規劃建置金融商品交易整合系統,整合前中後台交易流程,提高交易效率",2,Y
5854,2017,"透過專用交易系統內建新種商品評價模型,強化即時風險控管,增進財務行銷競爭力。深化亞太區域布局,提高海外獲利貢獻響應政府新南向政策,持續關注亞洲各國准入機會,緊密配合台商投資腳步,拓展東協市場,增設海外分支據點,朝亞洲區域性銀行目標邁進。提升現有海外單位營運效能,多元化業務範圍與擴增收益來源,落實在地化,提升自貸比率,調整客群結構,積極參與當地經濟發展,擴大海外業務獲利動能。藉由國內、外單位業務雙向支援措施,結合現有各個海外據點的經營優勢,攜手拓展跨地域、跨時區業務,提供客戶優質金融服務,以提升海外分行貢獻度。培育專業優秀人才,優化人力資源管理配合本行未來業務推展策略,並參酌員工適性測驗結果及第二專長之培訓意願,持續推動Bank0轉型計畫,輔導存匯同仁轉任理財、AO及外匯人員,培訓同仁具備多核心職能,並逐步將作業人力轉至行銷人力,增強分行行銷戰力,提高產值,以利因應未來金融環境之需求。積極培訓財務操作、數位金融科技及海外金融人員等專業人才,甄選優秀人才予以培訓,輔以各項專業訓練,強化實務歷練,以擴大專業人才庫。加強職務輪調,落實代理制度,增進員工工作歷練,避免業務銜接中斷及造成人力調派困擾。|52017AnnualReport另鼓勵同仁取得專業證照,以提升業務競爭力。落實洗錢防制機制,強化法遵完善內控訂定107年度防制洗錢及打擊資恐計畫,並依主管機關規定、本行風險評估結果或實務作業情形,適時修訂本行防制洗錢及打擊資恐相關作業規定。建置全行防制洗錢及打擊資恐系統,整合國內外營業單位之資訊,俾利進行基於防制洗錢及打擊資恐目的之查詢,強化相關帳戶或交易監控能力。加強防制洗錢及打擊資恐教育訓練,依業務性質,針對不同職務之人員,分別安排適當內容及時數之教育訓練,使其瞭解所承擔之防制洗錢及打擊資恐職責與應具備之專業。履行企業社會責任,創造永續競爭優勢依母公司訂定之「誠信經營守則」作為誠信經營遵循之政策,本於公平、誠實、守信、透明原則從事商業活動,積極防範不誠信行為,以建立本行誠信經營之企業文化及健全發展。著重供應鏈管理、授信赤道原則等,將環保、勞工及消費者權益、企業誠信等納入授信審查條件並行考量,引導申貸企業正視並履行其社會責任。積極投入社會公益活動,關懷偏鄉學童及弱勢團體,落實「取之社會、用之社會」理念,善盡企業社會責任。預期營業目標本行參酌106年度各項業務成長情形及107年度業務推展政策,訂定預期營業目標如下:存款業務營運量:新臺幣26,890億元(不含同業存款)。放款業務營運量:新臺幣21,382億元(不含催收款)。外匯業務營運量:美金1,145億元。",2,Y
5857,2017,"107年度營業計畫概要經營方針與重要經營政策持續提升資產品質,擴大資本規模,降低營運風險,發揮組織效益,提升資訊服務效能,以強化本行經營體質。配合金融政策,持續擴大經營範疇,發展多核心利基業務,提升經營綜效。擴大存放款利差,提高利息收益,拓展手續費收益相關業務,增進投資收益,強化自有財產運用效益,並激勵行員主動行銷,提升獲利水準。營業報告書順應金融數位化潮流,推動數位金融,整合虛實服務通路",2,Y
5857,2017,"以客戶導向為思考,提供優質數位服務,增進顧客體驗,深耕客戶關係,運用大數據分析,建立數位金融創新思維。掌握國際金融業務商機,建構全球企業金融服務網,提升海外經營績效。培育專業人才,重視客戶權益保護,強化公司治理,善盡企業社會責任。預期營業目標本(1年度主要營運項目,係依主管機關核定之事業計畫,參酌前(1年度業務實績、目前業務推行實況並預測未來發展趨勢擬定如下:存款營運量:新臺幣2兆2,310億元放款營運量:新臺幣1兆8,400億元外匯業務量:760億美元稅前淨利:新臺幣90億1,800萬元※以上存款、放款業務係累計平均餘額、外匯業務係承作量、稅前淨利係累計數。",2,Y
5858,2017,"107年度營業計畫概要經營方針與重要經營政策本行將持續依循5P經營方針─「People-centered」以人為本、「Portfolio-sound」健全資產品質、「Performance-driven」績效成果驅動、「Prospection-oriented」前瞻服務導向、「Principle-based」恪守金融普世價值與原則,以及5S組織新文化─「Simpleorganization」組織單純精簡、「Simplegoals」目標清楚明確、「Simpledecisionmakingprocess」決策過程簡化、「Simplestrategy」策略簡明可行、「Simpleintra-grouprelationship」單純和諧的內部關係,提升作業效率及優化企業文化,並以誠實、務實、踏實的態度「建構領導銀行,佈局全球市場」,戮力規劃及經營各項業務,與產業界攜手共創臺灣經濟與社會價值,並訂定下列經營方向,以達永續發展及穩健經營之目標:落實推動防制洗錢及打擊資恐機制各項相關管控作為。遵循政府推動之各項資安防護策略,積極辦理各項資訊安全管控措施,以提升本行資安防護能力及確保交易安全。規劃建置個人化網路銀行及智能客服等系統,積極拓展台灣Pay行動支付,建構全方位數位金融業務。除持續參與大型公共建設融資外,並積極拓展中小企業放款與房貸業務,以提升放款平均利率及資金運用效益。配合年金改革方案,將逐步調整定期存款比重,以降低資金成本。此外",1,Y
5858,2017,"賡續積極推展財富管理業務,俾協助改善存款結構及增裕手續費收入。1112BANKFTAIWAN中華民國一〇六年年報掌握高齡化、少子化的社會發展趨勢,賡續推動長期照顧保險及年金保險,以補社會安全網之不足。強化內稽、內控、風管及法遵等,落實公司治理、善盡企業責任及健全風險管理機制。為強化本行專業人才之培育,將賡續選訓年輕優秀行員,提供其財務、授信、風險管理等全方位之專業訓練,並輪派至各部門學習,培養經營幹部人才。預期營業目標本(1年度營業計畫目標,係參酌過往業務成長軌跡,衡量市場趨勢及未來業務發展動能後審慎擬訂,業經主管機關財政部核定如下:存款營運量:新臺幣35,333億元。放款營運量:新臺幣23,090億元。外匯業務量:美金3,381億元。稅前盈餘:新臺幣79億元。",1,Y
5862,2017,"107年度營業計畫概要<詳營運概況業務內容本年度經營計畫>存款餘額:2,259億元,其中臺幣存款為2,101億元、外幣存款為158億元。放款餘額:1",0,N
5862,2017,"577億元,其中臺幣放款為1,459億元、外幣放款為118億元。稅前損益:16億元。",0,N
5876,2017,"107年度營業計畫概要經營方針107年,本行以「聚焦核心,連結價值」為策略主軸,審慎擬定經營方針,推動四線RM聯手,深耕核心價值客戶,強化整合金融服務,建構健康循環態系,帶動營收獲利成長。預期營業目標與其依據本行根據經濟成長預測與市場競爭狀況,並參酌106年各項業務成長情形及107年度業務經營策略,訂定107年預期之主要營業目標為存款平均餘額新台幣9,100億元,放款平均餘額新台幣6,800億元",1,Y
5876,2017,"外匯承做量美金1,105億元。重要之經營政策基本政策:秉持誠信穩健經營,健康均衡永續發展,創造良好經營績效。業務政策:以企業金融為核心業務,輔以個人金融、財富管理及財務行銷業務,強化數位金融業務。銷售政策:聯合四線業務人員,推動整合行銷,加強虛實整合,提升數位金融競爭強度。管理政策:落實內部控制與法令遵循,強化風險管理,培育員工核心職能,精進後勤支援能力,提高管理效能。",1,Y
